record_ref,resident_ref,facility_ref,booking_timestamp,usage_timestamp
B-00001,R-024,Pool,2024-12-29T08:30,2025-01-01T08:30
B-00002,R-099,Multipurpose Hall,2024-12-30T16:15,2025-01-02T16:15
B-00003,R-110,Gym,2024-12-31T10:00,2025-01-01T10:00
B-00004,R-004,Clubhouse,2024-12-31T10:45,2025-01-02T10:45
B-00005,R-010,Gym,2024-12-31T13:00,2025-01-01T19:00
B-00006,R-082,Gym,2024-12-31T13:15,2025-01-01T07:15
B-00007,R-041,Pool,2024-12-31T15:00,2025-01-01T09:00
B-00008,R-138,Pool,2024-12-31T19:00,2025-01-03T19:00
B-00009,R-058,Gym,2025-01-01T01:45,2025-01-02T07:45
B-00010,R-110,Gym,2025-01-01T04:15,2025-01-01T06:15
B-00011,R-058,Gym,2025-01-01T08:00,2025-01-02T08:00
B-00012,R-036,Pool,2025-01-01T10:00,2025-01-01T18:00
B-00013,R-031,Gym,2025-01-01T14:00,2025-01-01T16:00
B-00014,R-014,Clubhouse,2025-01-01T14:30,2025-01-01T16:30
B-00015,R-024,Pool,2025-01-01T17:00,2025-01-01T18:00
B-00016,R-015,Multipurpose Hall,2025-01-01T18:00,2025-01-01T20:00
B-00017,R-015,Multipurpose Hall,2025-01-01T18:15,2025-01-01T20:15
B-00018,R-002,Gym,2025-01-01T19:30,2025-01-05T19:30
B-00019,R-005,Clubhouse,2025-01-01T21:00,2025-01-04T21:00
B-00020,R-005,Multipurpose Hall,2025-01-01T21:15,2025-01-04T21:15
B-00021,R-058,Gym,2025-01-02T04:00,2025-01-04T16:00
B-00022,R-056,Pool,2025-01-02T06:00,2025-01-02T07:00
B-00023,R-030,Gym,2025-01-02T06:00,2025-01-04T06:00
B-00024,R-049,Pool,2025-01-02T11:00,2025-01-02T19:00
B-00025,R-030,Gym,2025-01-02T18:00,2025-01-04T18:00
B-00026,R-046,Pool,2025-01-02T18:30,2025-01-02T20:30
B-00027,R-024,Pool,2025-01-02T18:45,2025-01-05T18:45
B-00028,R-002,Gym,2025-01-02T21:30,2025-01-05T21:30
B-00029,R-047,Pool,2025-01-02T22:00,2025-01-03T06:00
B-00030,R-022,Gym,2025-01-03T02:30,2025-01-03T20:30
B-00031,R-068,Pool,2025-01-03T03:45,2025-01-04T09:45
B-00032,R-077,Clubhouse,2025-01-03T09:00,2025-01-05T09:00
B-00033,R-023,Gym,2025-01-03T14:00,2025-01-03T16:00
B-00034,R-068,Pool,2025-01-03T15:15,2025-01-04T21:15
B-00035,R-035,Gym,2025-01-04T00:15,2025-01-04T08:15
B-00036,R-014,Clubhouse,2025-01-04T04:00,2025-01-04T16:00
B-00037,R-011,Badminton,2025-01-04T07:45,2025-01-04T08:45
B-00038,R-094,Pool,2025-01-04T12:00,2025-01-05T18:00
B-00039,R-001,Pool,2025-01-04T13:45,2025-01-05T07:45
B-00040,R-117,Clubhouse,2025-01-04T16:15,2025-01-06T16:15
B-00041,R-026,Gym,2025-01-04T16:45,2025-01-04T18:45
B-00042,R-099,Multipurpose Hall,2025-01-04T18:30,2025-01-07T18:30
B-00043,R-007,Clubhouse,2025-01-04T19:00,2025-01-07T07:00
B-00044,R-001,Pool,2025-01-04T20:30,2025-01-05T08:30
B-00045,R-001,Pool,2025-01-04T22:15,2025-01-05T16:15
B-00046,R-083,Gym,2025-01-05T00:00,2025-01-05T18:00
B-00047,R-083,Pool,2025-01-05T00:30,2025-01-05T18:30
B-00048,R-003,Pool,2025-01-05T03:45,2025-01-06T09:45
B-00049,R-009,Gym,2025-01-05T06:00,2025-01-05T18:00
B-00050,R-053,Multipurpose Hall,2025-01-05T06:00,2025-01-05T18:00
B-00051,R-134,Badminton,2025-01-05T06:00,2025-01-08T06:00
B-00052,R-075,Gym,2025-01-05T08:30,2025-01-08T08:30
B-00053,R-008,Pool,2025-01-05T13:00,2025-01-05T21:00
B-00054,R-048,Clubhouse,2025-01-05T14:30,2025-01-05T18:30
B-00055,R-001,Pool,2025-01-05T17:00,2025-01-05T18:00
B-00056,R-026,Badminton,2025-01-05T17:30,2025-01-05T19:30
B-00057,R-069,Gym,2025-01-05T19:00,2025-01-07T19:00
B-00058,R-070,Gym,2025-01-07T01:30,2025-01-08T07:30
B-00059,R-034,Multipurpose Hall,2025-01-07T07:45,2025-01-09T07:45
B-00060,R-004,Clubhouse,2025-01-07T10:30,2025-01-09T10:30
B-00061,R-020,Pool,2025-01-07T10:30,2025-01-10T10:30
B-00062,R-027,Badminton,2025-01-07T13:00,2025-01-07T21:00
B-00063,R-082,Gym,2025-01-07T15:00,2025-01-08T09:00
B-00064,R-024,Pool,2025-01-07T18:00,2025-01-08T18:00
B-00065,R-011,Badminton,2025-01-07T20:00,2025-01-10T08:00
B-00066,R-011,Badminton,2025-01-07T20:45,2025-01-10T20:45
B-00067,R-058,Gym,2025-01-08T01:30,2025-01-09T07:30
B-00068,R-058,Gym,2025-01-08T01:45,2025-01-09T07:45
B-00069,R-052,Gym,2025-01-08T07:45,2025-01-08T09:45
B-00070,R-021,Badminton,2025-01-08T08:00,2025-01-08T16:00
B-00071,R-021,Gym,2025-01-08T08:45,2025-01-08T16:45
B-00072,R-026,Gym,2025-01-08T16:15,2025-01-08T18:15
B-00073,R-034,Multipurpose Hall,2025-01-08T19:00,2025-01-09T07:00
B-00074,R-049,Pool,2025-01-08T19:30,2025-01-09T19:30
B-00075,R-005,Clubhouse,2025-01-08T21:00,2025-01-11T21:00
B-00076,R-001,Pool,2025-01-08T22:00,2025-01-09T16:00
B-00077,R-061,Gym,2025-01-09T14:15,2025-01-10T20:15
B-00078,R-050,Pool,2025-01-09T16:00,2025-01-09T18:00
B-00079,R-050,Pool,2025-01-09T17:30,2025-01-09T19:30
B-00080,R-056,Badminton,2025-01-09T18:00,2025-01-12T06:00
B-00081,R-002,Gym,2025-01-09T19:15,2025-01-12T19:15
B-00082,R-042,Pool,2025-01-09T20:45,2025-01-11T20:45
B-00083,R-006,Pool,2025-01-09T22:00,2025-01-10T06:00
B-00084,R-006,Pool,2025-01-09T22:30,2025-01-10T06:30
B-00085,R-019,Badminton,2025-01-10T06:15,2025-01-12T06:15
B-00086,R-055,Multipurpose Hall,2025-01-10T07:00,2025-01-10T09:00
B-00087,R-027,Badminton,2025-01-10T13:00,2025-01-10T21:00
B-00088,R-027,Gym,2025-01-10T13:00,2025-01-10T21:00
B-00089,R-090,Pool,2025-01-10T15:00,2025-01-11T09:00
B-00090,R-076,Pool,2025-01-10T16:30,2025-01-12T16:30
B-00091,R-097,Clubhouse,2025-01-10T17:00,2025-01-13T17:00
B-00092,R-077,Gym,2025-01-10T18:15,2025-01-12T18:15
B-00093,R-077,Gym,2025-01-10T18:45,2025-01-12T18:45
B-00094,R-003,Gym,2025-01-10T21:00,2025-01-13T09:00
B-00095,R-094,Pool,2025-01-11T02:00,2025-01-12T08:00
B-00096,R-078,Gym,2025-01-11T03:45,2025-01-12T09:45
B-00097,R-016,Clubhouse,2025-01-11T06:45,2025-01-15T06:45
B-00098,R-032,Gym,2025-01-11T07:00,2025-01-14T07:00
B-00099,R-096,Badminton,2025-01-11T09:45,2025-01-14T09:45
B-00100,R-003,Clubhouse,2025-01-11T14:15,2025-01-12T20:15
B-00101,R-041,Pool,2025-01-11T15:00,2025-01-12T09:00
B-00102,R-066,Gym,2025-01-11T18:45,2025-01-12T18:45
B-00103,R-133,Gym,2025-01-11T21:00,2025-01-13T21:00
B-00104,R-022,Pool,2025-01-12T00:15,2025-01-12T18:15
B-00105,R-041,Pool,2025-01-12T00:30,2025-01-12T18:30
B-00106,R-003,Gym,2025-01-12T03:00,2025-01-13T09:00
B-00107,R-014,Pool,2025-01-12T04:45,2025-01-12T16:45
B-00108,R-016,Clubhouse,2025-01-12T07:00,2025-01-14T07:00
B-00109,R-116,Gym,2025-01-12T07:15,2025-01-14T07:15
B-00110,R-016,Clubhouse,2025-01-12T07:45,2025-01-14T07:45
B-00111,R-131,Clubhouse,2025-01-12T08:30,2025-01-12T16:30
B-00112,R-003,Gym,2025-01-12T11:00,2025-01-13T17:00
B-00113,R-008,Pool,2025-01-12T13:00,2025-01-12T21:00
B-00114,R-010,Gym,2025-01-12T13:00,2025-01-13T19:00
B-00115,R-082,Gym,2025-01-12T13:15,2025-01-13T07:15
B-00116,R-118,Badminton,2025-01-12T15:30,2025-01-12T17:30
B-00117,R-045,Gym,2025-01-12T15:30,2025-01-13T09:30
B-00118,R-033,Badminton,2025-01-12T19:15,2025-01-12T20:15
B-00119,R-027,Badminton,2025-01-12T23:00,2025-01-13T07:00
B-00120,R-018,Gym,2025-01-13T00:15,2025-01-13T08:15
B-00121,R-009,Gym,2025-01-13T08:15,2025-01-13T10:15
B-00122,R-025,Gym,2025-01-13T15:45,2025-01-14T09:45
B-00123,R-045,Gym,2025-01-13T15:45,2025-01-14T09:45
B-00124,R-072,Badminton,2025-01-13T21:15,2025-01-15T21:15
B-00125,R-011,Pool,2025-01-14T06:15,2025-01-17T06:15
B-00126,R-121,Pool,2025-01-14T09:30,2025-01-18T09:30
B-00127,R-004,Clubhouse,2025-01-14T10:15,2025-01-16T10:15
B-00128,R-021,Gym,2025-01-14T16:15,2025-01-15T16:15
B-00129,R-034,Gym,2025-01-14T18:00,2025-01-16T18:00
B-00130,R-015,Multipurpose Hall,2025-01-15T04:30,2025-01-15T06:30
B-00131,R-052,Gym,2025-01-15T07:00,2025-01-15T09:00
B-00132,R-016,Clubhouse,2025-01-15T07:00,2025-01-17T07:00
B-00133,R-023,Badminton,2025-01-15T08:30,2025-01-19T08:30
B-00134,R-113,Gym,2025-01-15T10:45,2025-01-15T18:45
B-00135,R-033,Badminton,2025-01-16T08:30,2025-01-19T08:30
B-00136,R-018,Gym,2025-01-16T10:00,2025-01-20T10:00
B-00137,R-050,Pool,2025-01-16T16:45,2025-01-16T18:45
B-00138,R-002,Gym,2025-01-16T19:15,2025-01-19T19:15
B-00139,R-002,Gym,2025-01-16T19:15,2025-01-19T19:15
B-00140,R-027,Badminton,2025-01-16T22:00,2025-01-17T06:00
B-00141,R-022,Gym,2025-01-17T02:00,2025-01-17T20:00
B-00142,R-022,Gym,2025-01-17T02:00,2025-01-17T20:00
B-00143,R-044,Gym,2025-01-17T08:45,2025-01-17T09:45
B-00144,R-010,Badminton,2025-01-17T13:15,2025-01-18T19:15
B-00145,R-028,Pool,2025-01-17T15:00,2025-01-18T21:00
B-00146,R-034,Pool,2025-01-17T18:30,2025-01-19T18:30
B-00147,R-050,Pool,2025-01-17T19:00,2025-01-17T21:00
B-00148,R-098,Gym,2025-01-18T01:15,2025-01-18T09:15
B-00149,R-078,Badminton,2025-01-18T03:00,2025-01-19T09:00
B-00150,R-067,Gym,2025-01-18T07:00,2025-01-21T07:00
B-00151,R-007,Clubhouse,2025-01-18T08:45,2025-01-21T08:45
B-00152,R-041,Pool,2025-01-18T15:00,2025-01-19T09:00
B-00153,R-102,Gym,2025-01-18T15:30,2025-01-19T09:30
B-00154,R-001,Pool,2025-01-18T16:00,2025-01-19T10:00
B-00155,R-125,Gym,2025-01-18T16:00,2025-01-20T16:00
B-00156,R-064,Badminton,2025-01-18T22:45,2025-01-19T16:45
B-00157,R-001,Pool,2025-01-19T00:00,2025-01-19T18:00
B-00158,R-040,Pool,2025-01-19T01:15,2025-01-19T09:15
B-00159,R-012,Clubhouse,2025-01-19T01:15,2025-01-19T19:15
B-00160,R-003,Gym,2025-01-19T03:30,2025-01-20T09:30
B-00161,R-003,Gym,2025-01-19T03:45,2025-01-20T09:45
B-00162,R-080,Badminton,2025-01-19T04:30,2025-01-19T06:30
B-00163,R-024,Pool,2025-01-19T06:45,2025-01-22T06:45
B-00164,R-003,Gym,2025-01-19T11:00,2025-01-20T17:00
B-00165,R-010,Gym,2025-01-19T15:30,2025-01-20T21:30
B-00166,R-039,Pool,2025-01-19T16:45,2025-01-19T18:45
B-00167,R-016,Clubhouse,2025-01-19T17:00,2025-01-21T17:00
B-00168,R-070,Gym,2025-01-19T19:00,2025-01-22T07:00
B-00169,R-069,Gym,2025-01-19T19:30,2025-01-21T19:30
B-00170,R-072,Badminton,2025-01-19T21:00,2025-01-21T21:00
B-00171,R-018,Gym,2025-01-19T22:00,2025-01-20T06:00
B-00172,R-083,Pool,2025-01-20T00:00,2025-01-20T18:00
B-00173,R-018,Gym,2025-01-20T06:15,2025-01-20T10:15
B-00174,R-019,Badminton,2025-01-20T07:45,2025-01-22T07:45
B-00175,R-060,Gym,2025-01-20T10:00,2025-01-24T10:00
B-00176,R-084,Gym,2025-01-20T16:00,2025-01-21T10:00
B-00177,R-015,Gym,2025-01-20T16:00,2025-01-24T16:00
B-00178,R-037,Badminton,2025-01-20T18:00,2025-01-22T18:00
B-00179,R-058,Gym,2025-01-20T19:00,2025-01-23T07:00
B-00180,R-065,Gym,2025-01-21T00:45,2025-01-21T08:45
B-00181,R-070,Clubhouse,2025-01-21T13:00,2025-01-22T19:00
B-00182,R-031,Gym,2025-01-21T15:15,2025-01-21T17:15
B-00183,R-015,Multipurpose Hall,2025-01-21T19:00,2025-01-21T21:00
B-00184,R-071,Pool,2025-01-21T19:30,2025-01-23T19:30
B-00185,R-019,Badminton,2025-01-21T19:45,2025-01-22T19:45
B-00186,R-022,Gym,2025-01-21T20:00,2025-01-24T08:00
B-00187,R-138,Gym,2025-01-21T20:30,2025-01-24T20:30
B-00188,R-003,Gym,2025-01-22T03:15,2025-01-23T09:15
B-00189,R-080,Badminton,2025-01-22T04:45,2025-01-22T06:45
B-00190,R-004,Clubhouse,2025-01-22T10:45,2025-01-23T10:45
B-00191,R-058,Gym,2025-01-22T11:00,2025-01-23T17:00
B-00192,R-031,Gym,2025-01-22T14:00,2025-01-22T16:00
B-00193,R-006,Pool,2025-01-22T22:15,2025-01-23T06:15
B-00194,R-026,Gym,2025-01-23T06:30,2025-01-25T18:30
B-00195,R-002,Gym,2025-01-23T08:45,2025-01-26T08:45
B-00196,R-049,Pool,2025-01-23T11:00,2025-01-23T19:00
B-00197,R-049,Pool,2025-01-23T11:45,2025-01-23T19:45
B-00198,R-050,Pool,2025-01-23T16:00,2025-01-23T18:00
B-00199,R-091,Gym,2025-01-23T20:00,2025-01-25T20:00
B-00200,R-091,Gym,2025-01-23T20:30,2025-01-25T20:30
B-00201,R-070,Gym,2025-01-24T01:45,2025-01-25T07:45
B-00202,R-123,Gym,2025-01-24T05:00,2025-01-24T07:00
B-00203,R-011,Badminton,2025-01-24T05:00,2025-01-24T09:00
B-00204,R-004,Gym,2025-01-24T06:00,2025-01-26T18:00
B-00205,R-035,Gym,2025-01-24T08:45,2025-01-24T09:45
B-00206,R-044,Gym,2025-01-24T09:30,2025-01-26T09:30
B-00207,R-108,Pool,2025-01-24T10:15,2025-01-25T10:15
B-00208,R-092,Gym,2025-01-24T15:15,2025-01-25T21:15
B-00209,R-097,Clubhouse,2025-01-24T18:15,2025-01-27T18:15
B-00210,R-017,Gym,2025-01-24T19:00,2025-01-28T19:00
B-00211,R-019,Gym,2025-01-24T19:30,2025-01-26T19:30
B-00212,R-027,Badminton,2025-01-24T20:45,2025-01-24T21:45
B-00213,R-051,Gym,2025-01-25T04:00,2025-01-25T08:00
B-00214,R-039,Pool,2025-01-25T08:15,2025-01-25T10:15
B-00215,R-007,Clubhouse,2025-01-25T08:30,2025-01-28T08:30
B-00216,R-007,Gym,2025-01-25T08:45,2025-01-28T08:45
B-00217,R-020,Pool,2025-01-25T09:15,2025-01-28T09:15
B-00218,R-020,Pool,2025-01-25T10:00,2025-01-28T10:00
B-00219,R-010,Clubhouse,2025-01-25T12:45,2025-01-26T18:45
B-00220,R-035,Gym,2025-01-25T13:30,2025-01-25T21:30
B-00221,R-102,Gym,2025-01-25T15:00,2025-01-26T09:00
B-00222,R-026,Pool,2025-01-25T15:30,2025-01-25T17:30
B-00223,R-001,Pool,2025-01-25T16:00,2025-01-26T10:00
B-00224,R-001,Pool,2025-01-25T16:15,2025-01-26T10:15
B-00225,R-096,Gym,2025-01-25T16:15,2025-01-28T16:15
B-00226,R-095,Pool,2025-01-25T16:30,2025-01-28T16:30
B-00227,R-037,Clubhouse,2025-01-25T18:00,2025-01-27T18:00
B-00228,R-062,Gym,2025-01-25T22:00,2025-01-26T16:00
B-00229,R-003,Gym,2025-01-26T03:45,2025-01-27T09:45
B-00230,R-001,Clubhouse,2025-01-26T09:15,2025-01-26T10:15
B-00231,R-029,Gym,2025-01-26T10:00,2025-01-29T10:00
B-00232,R-010,Gym,2025-01-26T13:00,2025-01-27T19:00
B-00233,R-008,Pool,2025-01-26T13:15,2025-01-26T21:15
B-00234,R-008,Pool,2025-01-26T15:15,2025-01-26T19:15
B-00235,R-026,Gym,2025-01-26T16:45,2025-01-26T18:45
B-00236,R-016,Clubhouse,2025-01-26T16:45,2025-01-28T16:45
B-00237,R-024,Pool,2025-01-26T18:45,2025-01-29T18:45
B-00238,R-069,Pool,2025-01-26T19:30,2025-01-28T19:30
B-00239,R-062,Gym,2025-01-27T01:30,2025-01-27T19:30
B-00240,R-010,Gym,2025-01-27T09:00,2025-01-27T10:00
B-00241,R-018,Gym,2025-01-27T11:15,2025-01-27T19:15
B-00242,R-017,Multipurpose Hall,2025-01-27T14:45,2025-01-28T08:45
B-00243,R-009,Gym,2025-01-27T19:15,2025-01-27T21:15
B-00244,R-085,Gym,2025-01-27T20:15,2025-01-29T20:15
B-00245,R-027,Badminton,2025-01-27T21:15,2025-01-31T21:15
B-00246,R-078,Badminton,2025-01-28T03:00,2025-01-29T09:00
B-00247,R-034,Multipurpose Hall,2025-01-28T07:45,2025-01-30T07:45
B-00248,R-004,Gym,2025-01-28T10:00,2025-01-30T10:00
B-00249,R-011,Badminton,2025-01-28T10:45,2025-01-31T10:45
B-00250,R-004,Clubhouse,2025-01-28T16:45,2025-01-30T16:45
B-00251,R-007,Multipurpose Hall,2025-01-28T18:15,2025-01-31T18:15
B-00252,R-004,Clubhouse,2025-01-28T18:30,2025-01-30T18:30
B-00253,R-085,Gym,2025-01-28T20:45,2025-01-29T20:45
B-00254,R-052,Gym,2025-01-29T07:00,2025-01-29T09:00
B-00255,R-005,Badminton,2025-01-29T10:00,2025-02-01T10:00
B-00256,R-020,Gym,2025-01-29T10:45,2025-02-01T10:45
B-00257,R-021,Gym,2025-01-29T12:00,2025-01-29T20:00
B-00258,R-036,Pool,2025-01-29T12:00,2025-01-29T20:00
B-00259,R-021,Gym,2025-01-29T15:00,2025-01-29T16:00
B-00260,R-019,Badminton,2025-01-29T16:00,2025-01-31T16:00
B-00261,R-125,Pool,2025-01-29T16:45,2025-01-31T16:45
B-00262,R-059,Multipurpose Hall,2025-01-30T07:00,2025-02-01T19:00
B-00263,R-121,Pool,2025-01-30T09:15,2025-02-01T09:15
B-00264,R-002,Gym,2025-01-30T09:15,2025-02-02T09:15
B-00265,R-033,Badminton,2025-01-30T10:45,2025-02-02T10:45
B-00266,R-006,Pool,2025-01-30T22:45,2025-01-31T06:45
B-00267,R-047,Pool,2025-01-30T22:45,2025-01-31T06:45
B-00268,R-022,Gym,2025-01-30T23:30,2025-01-31T17:30
B-00269,R-012,Clubhouse,2025-01-31T01:45,2025-01-31T19:45
B-00270,R-123,Gym,2025-01-31T06:45,2025-01-31T07:45
B-00271,R-021,Gym,2025-01-31T10:15,2025-01-31T18:15
B-00272,R-027,Badminton,2025-01-31T13:15,2025-01-31T21:15
B-00273,R-034,Multipurpose Hall,2025-01-31T16:00,2025-02-02T16:00
B-00274,R-013,Badminton,2025-01-31T18:15,2025-02-04T18:15
B-00275,R-005,Clubhouse,2025-01-31T21:00,2025-02-03T21:00
B-00276,R-021,Gym,2025-02-01T04:30,2025-02-03T16:30
B-00277,R-001,Pool,2025-02-01T08:00,2025-02-02T08:00
B-00278,R-020,Pool,2025-02-01T10:30,2025-02-04T10:30
B-00279,R-100,Gym,2025-02-01T11:15,2025-02-02T17:15
B-00280,R-059,Multipurpose Hall,2025-02-01T15:45,2025-02-01T17:45
B-00281,R-137,Pool,2025-02-01T16:00,2025-02-02T10:00
B-00282,R-001,Pool,2025-02-01T16:45,2025-02-02T10:45
B-00283,R-094,Gym,2025-02-01T20:15,2025-02-02T08:15
B-00284,R-004,Clubhouse,2025-02-01T22:45,2025-02-04T10:45
B-00285,R-017,Gym,2025-02-02T00:15,2025-02-02T18:15
B-00286,R-062,Gym,2025-02-02T00:30,2025-02-02T18:30
B-00287,R-089,Gym,2025-02-02T00:30,2025-02-02T18:30
B-00288,R-003,Gym,2025-02-02T03:45,2025-02-03T09:45
B-00289,R-030,Gym,2025-02-02T06:00,2025-02-04T06:00
B-00290,R-049,Pool,2025-02-02T07:00,2025-02-04T19:00
B-00291,R-021,Gym,2025-02-02T08:00,2025-02-02T16:00
B-00292,R-049,Pool,2025-02-02T10:30,2025-02-02T18:30
B-00293,R-040,Multipurpose Hall,2025-02-02T11:15,2025-02-02T19:15
B-00294,R-008,Clubhouse,2025-02-02T11:30,2025-02-02T19:30
B-00295,R-043,Clubhouse,2025-02-02T16:00,2025-02-03T16:00
B-00296,R-077,Gym,2025-02-02T17:30,2025-02-04T17:30
B-00297,R-015,Multipurpose Hall,2025-02-02T18:30,2025-02-02T20:30
B-00298,R-111,Badminton,2025-02-03T01:15,2025-02-03T19:15
B-00299,R-122,Clubhouse,2025-02-03T03:00,2025-02-03T21:00
B-00300,R-085,Gym,2025-02-03T08:30,2025-02-05T08:30
B-00301,R-139,Gym,2025-02-03T15:00,2025-02-04T09:00
B-00302,R-019,Badminton,2025-02-03T19:15,2025-02-05T19:15
B-00303,R-116,Gym,2025-02-04T06:30,2025-02-06T06:30
B-00304,R-002,Gym,2025-02-04T07:15,2025-02-06T19:15
B-00305,R-034,Multipurpose Hall,2025-02-04T07:45,2025-02-06T07:45
B-00306,R-011,Badminton,2025-02-04T08:30,2025-02-07T08:30
B-00307,R-004,Clubhouse,2025-02-04T10:45,2025-02-06T10:45
B-00308,R-053,Gym,2025-02-04T10:45,2025-02-07T10:45
B-00309,R-140,Clubhouse,2025-02-04T12:15,2025-02-04T16:15
B-00310,R-079,Gym,2025-02-04T14:00,2025-02-04T16:00
B-00311,R-065,Gym,2025-02-04T15:00,2025-02-04T19:00
B-00312,R-088,Gym,2025-02-04T16:30,2025-02-07T16:30
B-00313,R-065,Gym,2025-02-04T18:45,2025-02-04T19:45
B-00314,R-071,Pool,2025-02-04T19:15,2025-02-06T19:15
B-00315,R-053,Gym,2025-02-04T21:30,2025-02-07T21:30
B-00316,R-031,Gym,2025-02-05T14:00,2025-02-05T16:00
B-00317,R-031,Gym,2025-02-05T14:30,2025-02-05T16:30
B-00318,R-019,Badminton,2025-02-05T19:30,2025-02-09T19:30
B-00319,R-033,Multipurpose Hall,2025-02-06T06:15,2025-02-09T06:15
B-00320,R-007,Clubhouse,2025-02-06T07:30,2025-02-06T08:30
B-00321,R-082,Gym,2025-02-06T13:00,2025-02-07T07:00
B-00322,R-060,Gym,2025-02-06T16:45,2025-02-07T10:45
B-00323,R-060,Gym,2025-02-06T16:45,2025-02-07T10:45
B-00324,R-011,Clubhouse,2025-02-06T18:00,2025-02-09T18:00
B-00325,R-097,Multipurpose Hall,2025-02-06T18:00,2025-02-09T18:00
B-00326,R-067,Gym,2025-02-06T18:15,2025-02-09T18:15
B-00327,R-057,Pool,2025-02-06T18:30,2025-02-09T18:30
B-00328,R-002,Gym,2025-02-06T19:00,2025-02-09T19:00
B-00329,R-085,Gym,2025-02-06T20:15,2025-02-08T20:15
B-00330,R-006,Badminton,2025-02-06T22:15,2025-02-07T06:15
B-00331,R-006,Pool,2025-02-06T22:15,2025-02-07T06:15
B-00332,R-009,Gym,2025-02-07T17:00,2025-02-07T19:00
B-00333,R-005,Gym,2025-02-07T17:45,2025-02-10T17:45
B-00334,R-019,Badminton,2025-02-07T19:30,2025-02-09T19:30
B-00335,R-019,Gym,2025-02-07T20:30,2025-02-09T20:30
B-00336,R-035,Gym,2025-02-08T01:15,2025-02-08T09:15
B-00337,R-003,Gym,2025-02-08T03:00,2025-02-09T09:00
B-00338,R-037,Gym,2025-02-08T06:00,2025-02-10T18:00
B-00339,R-037,Clubhouse,2025-02-08T07:00,2025-02-10T07:00
B-00340,R-007,Clubhouse,2025-02-08T08:45,2025-02-11T08:45
B-00341,R-049,Pool,2025-02-08T10:00,2025-02-08T18:00
B-00342,R-001,Pool,2025-02-08T16:00,2025-02-09T10:00
B-00343,R-059,Multipurpose Hall,2025-02-08T16:15,2025-02-08T18:15
B-00344,R-001,Pool,2025-02-08T16:15,2025-02-09T10:15
B-00345,R-012,Pool,2025-02-08T16:30,2025-02-09T10:30
B-00346,R-091,Gym,2025-02-08T20:15,2025-02-10T20:15
B-00347,R-001,Pool,2025-02-08T23:00,2025-02-09T17:00
B-00348,R-029,Gym,2025-02-09T08:30,2025-02-12T08:30
B-00349,R-055,Multipurpose Hall,2025-02-09T09:45,2025-02-13T09:45
B-00350,R-049,Gym,2025-02-09T10:00,2025-02-09T18:00
B-00351,R-008,Pool,2025-02-09T13:30,2025-02-09T21:30
B-00352,R-008,Multipurpose Hall,2025-02-09T13:30,2025-02-09T21:30
B-00353,R-006,Gym,2025-02-09T15:00,2025-02-09T19:00
B-00354,R-046,Pool,2025-02-09T18:45,2025-02-09T20:45
B-00355,R-021,Gym,2025-02-10T00:30,2025-02-10T08:30
B-00356,R-062,Pool,2025-02-10T01:30,2025-02-10T19:30
B-00357,R-122,Clubhouse,2025-02-10T03:00,2025-02-10T21:00
B-00358,R-023,Gym,2025-02-10T14:45,2025-02-10T16:45
B-00359,R-009,Gym,2025-02-10T15:00,2025-02-10T17:00
B-00360,R-017,Gym,2025-02-11T02:00,2025-02-11T20:00
B-00361,R-075,Gym,2025-02-11T04:30,2025-02-11T08:30
B-00362,R-109,Badminton,2025-02-11T07:15,2025-02-14T07:15
B-00363,R-011,Badminton,2025-02-11T08:15,2025-02-14T08:15
B-00364,R-079,Gym,2025-02-11T14:00,2025-02-11T16:00
B-00365,R-039,Pool,2025-02-11T16:00,2025-02-11T18:00
B-00366,R-063,Pool,2025-02-11T18:15,2025-02-14T18:15
B-00367,R-092,Gym,2025-02-11T18:30,2025-02-15T18:30
B-00368,R-015,Multipurpose Hall,2025-02-11T18:45,2025-02-11T20:45
B-00369,R-071,Pool,2025-02-11T19:30,2025-02-13T19:30
B-00370,R-031,Gym,2025-02-12T08:00,2025-02-12T10:00
B-00371,R-110,Gym,2025-02-12T18:30,2025-02-12T20:30
B-00372,R-003,Gym,2025-02-13T09:00,2025-02-17T09:00
B-00373,R-072,Badminton,2025-02-13T09:30,2025-02-15T09:30
B-00374,R-121,Pool,2025-02-13T10:00,2025-02-15T10:00
B-00375,R-050,Badminton,2025-02-13T16:00,2025-02-13T18:00
B-00376,R-097,Gym,2025-02-13T18:00,2025-02-17T18:00
B-00377,R-104,Badminton,2025-02-13T18:15,2025-02-16T18:15
B-00378,R-002,Gym,2025-02-13T19:45,2025-02-16T19:45
B-00379,R-132,Badminton,2025-02-13T21:30,2025-02-17T21:30
B-00380,R-047,Pool,2025-02-13T22:00,2025-02-14T06:00
B-00381,R-006,Pool,2025-02-13T22:30,2025-02-14T06:30
B-00382,R-027,Badminton,2025-02-14T13:30,2025-02-14T21:30
B-00383,R-097,Clubhouse,2025-02-14T18:15,2025-02-17T18:15
B-00384,R-019,Badminton,2025-02-14T19:15,2025-02-16T19:15
B-00385,R-077,Gym,2025-02-14T20:00,2025-02-16T20:00
B-00386,R-056,Badminton,2025-02-15T00:15,2025-02-16T06:15
B-00387,R-031,Gym,2025-02-15T04:00,2025-02-17T16:00
B-00388,R-043,Gym,2025-02-15T04:00,2025-02-17T16:00
B-00389,R-026,Gym,2025-02-15T05:00,2025-02-15T07:00
B-00390,R-096,Gym,2025-02-15T09:15,2025-02-18T09:15
B-00391,R-033,Multipurpose Hall,2025-02-15T10:30,2025-02-16T10:30
B-00392,R-021,Gym,2025-02-15T16:00,2025-02-19T16:00
B-00393,R-026,Gym,2025-02-15T17:45,2025-02-15T18:45
B-00394,R-011,Gym,2025-02-15T18:00,2025-02-16T18:00
B-00395,R-008,Pool,2025-02-15T23:00,2025-02-16T07:00
B-00396,R-137,Pool,2025-02-16T00:15,2025-02-16T18:15
B-00397,R-001,Pool,2025-02-16T00:30,2025-02-16T18:30
B-00398,R-001,Pool,2025-02-16T03:15,2025-02-16T21:15
B-00399,R-003,Gym,2025-02-16T03:45,2025-02-17T09:45
B-00400,R-069,Gym,2025-02-16T06:30,2025-02-18T06:30
B-00401,R-030,Multipurpose Hall,2025-02-16T06:45,2025-02-18T06:45
B-00402,R-109,Badminton,2025-02-16T09:00,2025-02-16T21:00
B-00403,R-049,Badminton,2025-02-16T10:00,2025-02-16T18:00
B-00404,R-004,Clubhouse,2025-02-16T10:00,2025-02-18T10:00
B-00405,R-018,Gym,2025-02-16T22:00,2025-02-17T10:00
B-00406,R-018,Gym,2025-02-16T22:15,2025-02-17T06:15
B-00407,R-006,Pool,2025-02-16T22:45,2025-02-17T06:45
B-00408,R-018,Gym,2025-02-17T06:30,2025-02-17T10:30
B-00409,R-036,Pool,2025-02-17T12:00,2025-02-17T20:00
B-00410,R-023,Gym,2025-02-17T14:00,2025-02-17T16:00
B-00411,R-045,Gym,2025-02-17T15:00,2025-02-18T09:00
B-00412,R-025,Gym,2025-02-17T16:00,2025-02-18T10:00
B-00413,R-009,Gym,2025-02-17T18:30,2025-02-17T20:30
B-00414,R-009,Gym,2025-02-17T19:45,2025-02-17T21:45
B-00415,R-114,Badminton,2025-02-18T03:30,2025-02-18T21:30
B-00416,R-069,Gym,2025-02-18T04:45,2025-02-18T08:45
B-00417,R-123,Gym,2025-02-18T08:00,2025-02-18T10:00
B-00418,R-048,Multipurpose Hall,2025-02-18T12:15,2025-02-18T20:15
B-00419,R-027,Badminton,2025-02-18T13:00,2025-02-18T21:00
B-00420,R-064,Badminton,2025-02-19T02:00,2025-02-19T06:00
B-00421,R-052,Gym,2025-02-19T07:15,2025-02-19T09:15
B-00422,R-005,Clubhouse,2025-02-19T10:15,2025-02-22T10:15
B-00423,R-036,Pool,2025-02-19T12:15,2025-02-19T20:15
B-00424,R-136,Clubhouse,2025-02-19T13:30,2025-02-20T19:30
B-00425,R-036,Pool,2025-02-19T16:00,2025-02-19T20:00
B-00426,R-015,Multipurpose Hall,2025-02-19T18:45,2025-02-19T20:45
B-00427,R-003,Clubhouse,2025-02-19T19:00,2025-02-20T07:00
B-00428,R-101,Gym,2025-02-19T19:45,2025-02-20T19:45
B-00429,R-008,Pool,2025-02-19T21:00,2025-02-23T21:00
B-00430,R-021,Gym,2025-02-20T08:30,2025-02-20T16:30
B-00431,R-020,Pool,2025-02-20T10:00,2025-02-23T10:00
B-00432,R-033,Badminton,2025-02-20T10:00,2025-02-23T10:00
B-00433,R-026,Gym,2025-02-20T16:00,2025-02-20T18:00
B-00434,R-050,Pool,2025-02-20T16:15,2025-02-20T18:15
B-00435,R-046,Pool,2025-02-20T18:00,2025-02-20T20:00
B-00436,R-002,Gym,2025-02-20T19:00,2025-02-23T19:00
B-00437,R-002,Gym,2025-02-20T19:00,2025-02-23T19:00
B-00438,R-002,Gym,2025-02-20T19:45,2025-02-23T19:45
B-00439,R-091,Pool,2025-02-21T08:00,2025-02-23T08:00
B-00440,R-035,Gym,2025-02-21T09:00,2025-02-22T09:00
B-00441,R-045,Gym,2025-02-21T15:30,2025-02-22T09:30
B-00442,R-088,Gym,2025-02-21T17:00,2025-02-21T21:00
B-00443,R-006,Pool,2025-02-21T18:00,2025-02-21T19:00
B-00444,R-100,Gym,2025-02-22T00:15,2025-02-23T06:15
B-00445,R-021,Gym,2025-02-22T08:00,2025-02-22T16:00
B-00446,R-037,Clubhouse,2025-02-22T08:45,2025-02-24T08:45
B-00447,R-010,Pool,2025-02-22T12:45,2025-02-23T18:45
B-00448,R-049,Pool,2025-02-22T13:00,2025-02-22T21:00
B-00449,R-014,Multipurpose Hall,2025-02-22T14:00,2025-02-22T16:00
B-00450,R-041,Pool,2025-02-22T15:00,2025-02-23T09:00
B-00451,R-095,Clubhouse,2025-02-22T16:00,2025-02-25T16:00
B-00452,R-026,Gym,2025-02-22T16:30,2025-02-22T18:30
B-00453,R-128,Badminton,2025-02-22T16:30,2025-02-22T18:30
B-00454,R-128,Badminton,2025-02-22T16:45,2025-02-22T18:45
B-00455,R-037,Clubhouse,2025-02-22T18:45,2025-02-24T18:45
B-00456,R-091,Gym,2025-02-22T20:30,2025-02-23T20:30
B-00457,R-132,Badminton,2025-02-23T00:45,2025-02-23T18:45
B-00458,R-001,Gym,2025-02-23T02:00,2025-02-23T20:00
B-00459,R-057,Pool,2025-02-23T05:15,2025-02-23T09:15
B-00460,R-016,Clubhouse,2025-02-23T07:00,2025-02-25T07:00
B-00461,R-029,Gym,2025-02-23T08:00,2025-02-26T08:00
B-00462,R-011,Clubhouse,2025-02-23T08:30,2025-02-26T08:30
B-00463,R-040,Pool,2025-02-23T10:00,2025-02-23T18:00
B-00464,R-018,Gym,2025-02-23T10:30,2025-02-23T18:30
B-00465,R-010,Gym,2025-02-23T11:15,2025-02-24T17:15
B-00466,R-123,Gym,2025-02-23T13:45,2025-02-23T17:45
B-00467,R-048,Multipurpose Hall,2025-02-23T15:30,2025-02-23T19:30
B-00468,R-031,Badminton,2025-02-23T16:00,2025-02-23T18:00
B-00469,R-023,Gym,2025-02-23T18:30,2025-02-23T20:30
B-00470,R-029,Gym,2025-02-23T19:15,2025-02-26T19:15
B-00471,R-062,Pool,2025-02-24T01:00,2025-02-24T19:00
B-00472,R-018,Gym,2025-02-24T02:15,2025-02-24T10:15
B-00473,R-014,Clubhouse,2025-02-24T14:00,2025-02-24T16:00
B-00474,R-009,Gym,2025-02-24T16:00,2025-02-24T18:00
B-00475,R-054,Gym,2025-02-24T18:15,2025-02-28T18:15
B-00476,R-106,Gym,2025-02-25T01:00,2025-02-25T09:00
B-00477,R-062,Pool,2025-02-25T01:00,2025-02-25T19:00
B-00478,R-106,Gym,2025-02-25T01:15,2025-02-25T09:15
B-00479,R-070,Gym,2025-02-25T01:30,2025-02-26T07:30
B-00480,R-016,Clubhouse,2025-02-25T03:15,2025-02-25T07:15
B-00481,R-003,Badminton,2025-02-25T03:30,2025-02-26T09:30
B-00482,R-038,Gym,2025-02-25T10:00,2025-02-27T10:00
B-00483,R-004,Clubhouse,2025-02-25T10:30,2025-02-27T10:30
B-00484,R-036,Pool,2025-02-25T18:00,2025-02-26T18:00
B-00485,R-034,Badminton,2025-02-26T07:45,2025-02-28T07:45
B-00486,R-021,Gym,2025-02-26T08:30,2025-02-26T16:30
B-00487,R-113,Gym,2025-02-26T10:00,2025-02-26T18:00
B-00488,R-036,Pool,2025-02-26T12:15,2025-02-26T20:15
B-00489,R-028,Pool,2025-02-26T14:00,2025-02-27T20:00
B-00490,R-015,Multipurpose Hall,2025-02-26T19:30,2025-02-26T20:30
B-00491,R-034,Multipurpose Hall,2025-02-27T06:45,2025-02-27T07:45
B-00492,R-029,Gym,2025-02-27T17:45,2025-03-02T17:45
B-00493,R-002,Gym,2025-02-27T19:00,2025-03-02T19:00
B-00494,R-005,Clubhouse,2025-02-27T21:15,2025-03-02T21:15
B-00495,R-077,Gym,2025-02-28T06:15,2025-03-02T06:15
B-00496,R-081,Pool,2025-02-28T09:00,2025-02-28T17:00
B-00497,R-032,Gym,2025-02-28T13:15,2025-02-28T17:15
B-00498,R-073,Gym,2025-02-28T18:00,2025-02-28T19:00
B-00499,R-063,Gym,2025-02-28T18:30,2025-03-01T06:30
B-00500,R-054,Gym,2025-02-28T18:30,2025-03-03T18:30
B-00501,R-127,Pool,2025-02-28T18:45,2025-03-02T18:45
B-00502,R-090,Pool,2025-03-01T00:00,2025-03-01T18:00
B-00503,R-066,Multipurpose Hall,2025-03-01T01:15,2025-03-02T07:15
B-00504,R-074,Pool,2025-03-01T04:45,2025-03-02T10:45
B-00505,R-047,Badminton,2025-03-01T06:30,2025-03-02T06:30
B-00506,R-045,Gym,2025-03-01T09:15,2025-03-05T09:15
B-00507,R-108,Pool,2025-03-01T10:00,2025-03-03T10:00
B-00508,R-026,Gym,2025-03-01T16:45,2025-03-01T18:45
B-00509,R-039,Pool,2025-03-01T16:45,2025-03-01T18:45
B-00510,R-037,Badminton,2025-03-01T18:00,2025-03-03T18:00
B-00511,R-005,Clubhouse,2025-03-01T21:00,2025-03-04T21:00
B-00512,R-025,Gym,2025-03-02T00:15,2025-03-02T18:15
B-00513,R-087,Badminton,2025-03-02T02:00,2025-03-02T10:00
B-00514,R-003,Gym,2025-03-02T03:00,2025-03-03T09:00
B-00515,R-003,Pool,2025-03-02T03:30,2025-03-03T09:30
B-00516,R-016,Clubhouse,2025-03-02T08:00,2025-03-04T08:00
B-00517,R-033,Badminton,2025-03-02T09:00,2025-03-02T10:00
B-00518,R-024,Pool,2025-03-02T09:15,2025-03-02T21:15
B-00519,R-021,Badminton,2025-03-02T10:00,2025-03-02T18:00
B-00520,R-113,Gym,2025-03-02T10:00,2025-03-02T18:00
B-00521,R-003,Gym,2025-03-02T13:45,2025-03-03T19:45
B-00522,R-014,Gym,2025-03-02T15:00,2025-03-02T17:00
B-00523,R-076,Gym,2025-03-02T17:45,2025-03-04T17:45
B-00524,R-112,Pool,2025-03-03T02:00,2025-03-03T20:00
B-00525,R-018,Gym,2025-03-03T09:30,2025-03-03T17:30
B-00526,R-061,Gym,2025-03-03T14:00,2025-03-04T20:00
B-00527,R-023,Gym,2025-03-03T14:30,2025-03-03T16:30
B-00528,R-117,Clubhouse,2025-03-03T15:15,2025-03-03T16:15
B-00529,R-020,Gym,2025-03-03T16:15,2025-03-06T16:15
B-00530,R-009,Gym,2025-03-03T19:00,2025-03-03T21:00
B-00531,R-005,Clubhouse,2025-03-03T21:00,2025-03-06T21:00
B-00532,R-017,Gym,2025-03-04T01:00,2025-03-04T19:00
B-00533,R-017,Gym,2025-03-04T02:00,2025-03-04T20:00
B-00534,R-079,Gym,2025-03-04T04:30,2025-03-04T16:30
B-00535,R-045,Gym,2025-03-04T05:00,2025-03-04T09:00
B-00536,R-073,Badminton,2025-03-04T06:30,2025-03-06T18:30
B-00537,R-011,Gym,2025-03-04T08:15,2025-03-07T08:15
B-00538,R-068,Pool,2025-03-04T09:00,2025-03-08T09:00
B-00539,R-036,Pool,2025-03-04T12:00,2025-03-04T20:00
B-00540,R-079,Pool,2025-03-04T14:00,2025-03-04T16:00
B-00541,R-126,Gym,2025-03-04T15:45,2025-03-04T17:45
B-00542,R-039,Gym,2025-03-04T16:00,2025-03-04T18:00
B-00543,R-038,Gym,2025-03-04T18:00,2025-03-06T18:00
B-00544,R-064,Gym,2025-03-05T00:15,2025-03-05T18:15
B-00545,R-019,Badminton,2025-03-05T09:15,2025-03-09T09:15
B-00546,R-025,Gym,2025-03-05T16:00,2025-03-06T10:00
B-00547,R-006,Pool,2025-03-05T22:45,2025-03-06T06:45
B-00548,R-006,Pool,2025-03-06T02:45,2025-03-06T06:45
B-00549,R-134,Badminton,2025-03-06T08:45,2025-03-09T08:45
B-00550,R-134,Badminton,2025-03-06T10:30,2025-03-09T10:30
B-00551,R-049,Pool,2025-03-06T11:00,2025-03-06T19:00
B-00552,R-057,Clubhouse,2025-03-06T18:45,2025-03-09T18:45
B-00553,R-009,Gym,2025-03-06T19:00,2025-03-06T21:00
B-00554,R-033,Badminton,2025-03-06T20:45,2025-03-09T08:45
B-00555,R-047,Pool,2025-03-06T22:30,2025-03-07T06:30
B-00556,R-047,Pool,2025-03-06T22:30,2025-03-07T06:30
B-00557,R-027,Badminton,2025-03-07T00:30,2025-03-07T08:30
B-00558,R-073,Gym,2025-03-07T01:00,2025-03-07T19:00
B-00559,R-004,Clubhouse,2025-03-07T06:45,2025-03-09T06:45
B-00560,R-007,Clubhouse,2025-03-07T08:00,2025-03-11T08:00
B-00561,R-006,Pool,2025-03-07T10:15,2025-03-07T18:15
B-00562,R-104,Gym,2025-03-07T17:00,2025-03-10T17:00
B-00563,R-035,Pool,2025-03-08T01:45,2025-03-08T09:45
B-00564,R-028,Pool,2025-03-08T14:00,2025-03-09T20:00
B-00565,R-008,Pool,2025-03-09T00:00,2025-03-09T08:00
B-00566,R-051,Gym,2025-03-09T00:30,2025-03-10T06:30
B-00567,R-012,Clubhouse,2025-03-09T01:00,2025-03-09T19:00
B-00568,R-010,Gym,2025-03-09T02:15,2025-03-10T08:15
B-00569,R-003,Pool,2025-03-09T03:30,2025-03-10T09:30
B-00570,R-001,Pool,2025-03-09T06:15,2025-03-09T10:15
B-00571,R-005,Clubhouse,2025-03-09T09:00,2025-03-09T21:00
B-00572,R-008,Gym,2025-03-09T10:45,2025-03-09T18:45
B-00573,R-013,Gym,2025-03-09T16:00,2025-03-09T18:00
B-00574,R-052,Pool,2025-03-09T16:00,2025-03-09T18:00
B-00575,R-006,Pool,2025-03-09T17:45,2025-03-09T18:45
B-00576,R-076,Gym,2025-03-09T17:45,2025-03-11T17:45
B-00577,R-009,Gym,2025-03-09T19:00,2025-03-09T21:00
B-00578,R-031,Gym,2025-03-09T19:30,2025-03-09T21:30
B-00579,R-005,Clubhouse,2025-03-09T21:15,2025-03-12T21:15
B-00580,R-018,Gym,2025-03-10T02:00,2025-03-10T10:00
B-00581,R-103,Badminton,2025-03-10T02:00,2025-03-11T08:00
B-00582,R-018,Gym,2025-03-10T02:15,2025-03-10T10:15
B-00583,R-103,Multipurpose Hall,2025-03-10T02:30,2025-03-11T08:30
B-00584,R-115,Gym,2025-03-10T04:15,2025-03-11T10:15
B-00585,R-009,Pool,2025-03-10T06:00,2025-03-12T18:00
B-00586,R-043,Gym,2025-03-10T18:15,2025-03-12T18:15
B-00587,R-009,Gym,2025-03-10T19:15,2025-03-10T21:15
B-00588,R-007,Gym,2025-03-11T08:00,2025-03-14T08:00
B-00589,R-011,Badminton,2025-03-11T08:30,2025-03-14T08:30
B-00590,R-130,Gym,2025-03-11T09:15,2025-03-14T09:15
B-00591,R-004,Gym,2025-03-11T10:30,2025-03-13T10:30
B-00592,R-004,Badminton,2025-03-11T10:45,2025-03-13T10:45
B-00593,R-001,Badminton,2025-03-11T16:15,2025-03-12T10:15
B-00594,R-136,Badminton,2025-03-12T02:00,2025-03-13T08:00
B-00595,R-052,Gym,2025-03-12T07:15,2025-03-12T09:15
B-00596,R-021,Gym,2025-03-12T08:00,2025-03-12T16:00
B-00597,R-099,Multipurpose Hall,2025-03-12T10:00,2025-03-13T10:00
B-00598,R-005,Clubhouse,2025-03-12T17:00,2025-03-15T17:00
B-00599,R-030,Gym,2025-03-12T18:00,2025-03-13T06:00
B-00600,R-039,Badminton,2025-03-12T18:15,2025-03-16T18:15
B-00601,R-001,Pool,2025-03-12T19:00,2025-03-16T19:00
B-00602,R-005,Clubhouse,2025-03-12T21:15,2025-03-15T21:15
B-00603,R-005,Clubhouse,2025-03-12T21:45,2025-03-15T21:45
B-00604,R-107,Gym,2025-03-13T03:00,2025-03-13T21:00
B-00605,R-033,Badminton,2025-03-13T06:15,2025-03-13T10:15
B-00606,R-034,Multipurpose Hall,2025-03-13T06:45,2025-03-13T07:45
B-00607,R-134,Badminton,2025-03-13T07:00,2025-03-16T07:00
B-00608,R-002,Gym,2025-03-13T08:30,2025-03-16T08:30
B-00609,R-004,Clubhouse,2025-03-13T09:00,2025-03-13T10:00
B-00610,R-050,Pool,2025-03-13T16:30,2025-03-13T18:30
B-00611,R-002,Gym,2025-03-13T20:00,2025-03-16T20:00
B-00612,R-002,Gym,2025-03-13T20:45,2025-03-16T20:45
B-00613,R-073,Badminton,2025-03-14T01:30,2025-03-14T19:30
B-00614,R-068,Pool,2025-03-14T03:30,2025-03-15T09:30
B-00615,R-074,Pool,2025-03-14T04:00,2025-03-15T10:00
B-00616,R-085,Multipurpose Hall,2025-03-14T06:00,2025-03-16T18:00
B-00617,R-070,Gym,2025-03-14T07:15,2025-03-18T07:15
B-00618,R-007,Clubhouse,2025-03-14T08:00,2025-03-17T08:00
B-00619,R-054,Gym,2025-03-14T09:30,2025-03-17T09:30
B-00620,R-016,Badminton,2025-03-14T18:00,2025-03-16T18:00
B-00621,R-077,Badminton,2025-03-14T18:45,2025-03-16T18:45
B-00622,R-019,Gym,2025-03-14T21:45,2025-03-16T21:45
B-00623,R-007,Clubhouse,2025-03-15T08:00,2025-03-18T08:00
B-00624,R-010,Gym,2025-03-15T13:00,2025-03-16T19:00
B-00625,R-001,Pool,2025-03-15T16:00,2025-03-16T10:00
B-00626,R-039,Pool,2025-03-15T16:15,2025-03-15T18:15
B-00627,R-001,Pool,2025-03-15T16:15,2025-03-16T10:15
B-00628,R-001,Pool,2025-03-15T16:15,2025-03-16T10:15
B-00629,R-127,Gym,2025-03-15T16:15,2025-03-17T16:15
B-00630,R-048,Gym,2025-03-15T16:45,2025-03-15T17:45
B-00631,R-039,Pool,2025-03-15T16:45,2025-03-15T18:45
B-00632,R-069,Gym,2025-03-15T19:45,2025-03-17T19:45
B-00633,R-029,Gym,2025-03-15T20:00,2025-03-19T20:00
B-00634,R-006,Pool,2025-03-15T22:30,2025-03-16T06:30
B-00635,R-001,Gym,2025-03-15T22:30,2025-03-16T16:30
B-00636,R-087,Pool,2025-03-16T00:30,2025-03-16T08:30
B-00637,R-003,Gym,2025-03-16T03:00,2025-03-17T09:00
B-00638,R-023,Gym,2025-03-16T04:15,2025-03-16T06:15
B-00639,R-023,Gym,2025-03-16T06:15,2025-03-16T08:15
B-00640,R-016,Clubhouse,2025-03-16T07:00,2025-03-18T07:00
B-00641,R-007,Clubhouse,2025-03-16T08:30,2025-03-19T08:30
B-00642,R-024,Pool,2025-03-16T18:00,2025-03-19T18:00
B-00643,R-013,Clubhouse,2025-03-16T18:30,2025-03-16T20:30
B-00644,R-118,Badminton,2025-03-16T18:30,2025-03-20T18:30
B-00645,R-035,Gym,2025-03-17T01:15,2025-03-17T09:15
B-00646,R-062,Pool,2025-03-17T01:30,2025-03-17T19:30
B-00647,R-086,Badminton,2025-03-17T07:45,2025-03-20T07:45
B-00648,R-032,Clubhouse,2025-03-17T09:15,2025-03-20T09:15
B-00649,R-023,Gym,2025-03-17T14:15,2025-03-17T16:15
B-00650,R-025,Badminton,2025-03-17T16:15,2025-03-18T10:15
B-00651,R-084,Pool,2025-03-17T16:15,2025-03-18T10:15
B-00652,R-013,Gym,2025-03-17T18:15,2025-03-17T20:15
B-00653,R-056,Badminton,2025-03-18T00:30,2025-03-19T06:30
B-00654,R-072,Badminton,2025-03-18T09:30,2025-03-18T21:30
B-00655,R-001,Pool,2025-03-18T10:15,2025-03-22T10:15
B-00656,R-039,Gym,2025-03-19T08:00,2025-03-19T10:00
B-00657,R-021,Gym,2025-03-19T08:45,2025-03-19T16:45
B-00658,R-066,Multipurpose Hall,2025-03-19T10:00,2025-03-23T10:00
B-00659,R-115,Gym,2025-03-19T10:15,2025-03-20T16:15
B-00660,R-031,Gym,2025-03-19T14:30,2025-03-19T16:30
B-00661,R-095,Gym,2025-03-19T16:30,2025-03-22T16:30
B-00662,R-015,Badminton,2025-03-19T18:00,2025-03-19T20:00
B-00663,R-035,Gym,2025-03-19T21:00,2025-03-22T09:00
B-00664,R-005,Clubhouse,2025-03-19T21:15,2025-03-22T21:15
B-00665,R-014,Clubhouse,2025-03-19T22:00,2025-03-22T10:00
B-00666,R-049,Gym,2025-03-20T09:00,2025-03-20T17:00
B-00667,R-033,Gym,2025-03-20T10:15,2025-03-23T10:15
B-00668,R-061,Gym,2025-03-20T14:45,2025-03-21T20:45
B-00669,R-061,Badminton,2025-03-20T15:15,2025-03-21T21:15
B-00670,R-002,Gym,2025-03-20T16:15,2025-03-23T16:15
B-00671,R-060,Gym,2025-03-20T16:30,2025-03-21T10:30
B-00672,R-002,Pool,2025-03-20T18:00,2025-03-23T18:00
B-00673,R-005,Gym,2025-03-20T18:00,2025-03-23T18:00
B-00674,R-002,Gym,2025-03-20T19:45,2025-03-23T19:45
B-00675,R-055,Multipurpose Hall,2025-03-20T21:00,2025-03-21T09:00
B-00676,R-006,Pool,2025-03-20T22:15,2025-03-21T06:15
B-00677,R-119,Badminton,2025-03-21T06:00,2025-03-24T06:00
B-00678,R-133,Badminton,2025-03-21T06:45,2025-03-23T06:45
B-00679,R-077,Clubhouse,2025-03-21T07:15,2025-03-23T07:15
B-00680,R-019,Multipurpose Hall,2025-03-21T07:30,2025-03-23T19:30
B-00681,R-034,Badminton,2025-03-21T18:00,2025-03-23T18:00
B-00682,R-019,Pool,2025-03-21T18:30,2025-03-23T18:30
B-00683,R-129,Clubhouse,2025-03-21T19:00,2025-03-24T19:00
B-00684,R-056,Badminton,2025-03-22T00:00,2025-03-23T06:00
B-00685,R-094,Gym,2025-03-22T00:15,2025-03-23T06:15
B-00686,R-090,Gym,2025-03-22T03:00,2025-03-22T21:00
B-00687,R-007,Badminton,2025-03-22T08:15,2025-03-25T08:15
B-00688,R-007,Clubhouse,2025-03-22T08:30,2025-03-25T08:30
B-00689,R-007,Clubhouse,2025-03-22T08:45,2025-03-25T08:45
B-00690,R-074,Pool,2025-03-22T09:00,2025-03-22T10:00
B-00691,R-067,Clubhouse,2025-03-22T10:30,2025-03-25T10:30
B-00692,R-014,Badminton,2025-03-22T14:00,2025-03-22T16:00
B-00693,R-014,Clubhouse,2025-03-22T14:30,2025-03-22T16:30
B-00694,R-012,Clubhouse,2025-03-22T14:45,2025-03-23T08:45
B-00695,R-041,Pool,2025-03-22T15:00,2025-03-23T09:00
B-00696,R-026,Gym,2025-03-22T16:00,2025-03-22T18:00
B-00697,R-039,Pool,2025-03-22T16:00,2025-03-22T18:00
B-00698,R-001,Pool,2025-03-22T16:15,2025-03-23T10:15
B-00699,R-127,Badminton,2025-03-22T16:15,2025-03-24T16:15
B-00700,R-128,Badminton,2025-03-22T16:30,2025-03-22T18:30
B-00701,R-059,Multipurpose Hall,2025-03-22T17:15,2025-03-22T19:15
B-00702,R-134,Multipurpose Hall,2025-03-22T21:30,2025-03-26T21:30
B-00703,R-017,Gym,2025-03-23T01:00,2025-03-23T19:00
B-00704,R-040,Multipurpose Hall,2025-03-23T01:45,2025-03-23T09:45
B-00705,R-012,Clubhouse,2025-03-23T01:45,2025-03-23T19:45
B-00706,R-003,Gym,2025-03-23T03:00,2025-03-24T09:00
B-00707,R-076,Gym,2025-03-23T05:00,2025-03-25T17:00
B-00708,R-016,Gym,2025-03-23T07:00,2025-03-25T19:00
B-00709,R-087,Gym,2025-03-23T10:15,2025-03-23T18:15
B-00710,R-106,Pool,2025-03-23T10:30,2025-03-23T18:30
B-00711,R-013,Badminton,2025-03-23T14:00,2025-03-23T18:00
B-00712,R-082,Gym,2025-03-23T14:00,2025-03-24T08:00
B-00713,R-018,Gym,2025-03-24T00:15,2025-03-24T08:15
B-00714,R-018,Gym,2025-03-24T02:30,2025-03-24T10:30
B-00715,R-018,Gym,2025-03-24T02:45,2025-03-24T10:45
B-00716,R-003,Gym,2025-03-24T03:15,2025-03-25T09:15
B-00717,R-037,Clubhouse,2025-03-24T06:00,2025-03-24T18:00
B-00718,R-006,Clubhouse,2025-03-24T06:30,2025-03-28T06:30
B-00719,R-009,Gym,2025-03-24T18:00,2025-03-24T20:00
B-00720,R-069,Gym,2025-03-24T20:45,2025-03-26T20:45
B-00721,R-070,Gym,2025-03-25T01:45,2025-03-26T07:45
B-00722,R-103,Multipurpose Hall,2025-03-25T02:00,2025-03-25T06:00
B-00723,R-103,Multipurpose Hall,2025-03-25T04:00,2025-03-25T08:00
B-00724,R-130,Pool,2025-03-25T07:00,2025-03-28T07:00
B-00725,R-011,Badminton,2025-03-25T08:00,2025-03-28T08:00
B-00726,R-004,Clubhouse,2025-03-25T10:45,2025-03-27T10:45
B-00727,R-038,Gym,2025-03-25T10:45,2025-03-27T10:45
B-00728,R-131,Pool,2025-03-25T13:30,2025-03-25T21:30
B-00729,R-088,Gym,2025-03-25T18:15,2025-03-28T18:15
B-00730,R-053,Gym,2025-03-25T21:00,2025-03-28T21:00
B-00731,R-052,Multipurpose Hall,2025-03-26T07:30,2025-03-26T09:30
B-00732,R-029,Gym,2025-03-26T07:45,2025-03-26T08:45
B-00733,R-040,Multipurpose Hall,2025-03-26T09:45,2025-03-30T09:45
B-00734,R-005,Badminton,2025-03-26T21:00,2025-03-29T21:00
B-00735,R-026,Gym,2025-03-27T04:00,2025-03-29T16:00
B-00736,R-042,Pool,2025-03-27T08:30,2025-03-29T20:30
B-00737,R-121,Pool,2025-03-27T09:00,2025-03-29T09:00
B-00738,R-061,Gym,2025-03-27T14:45,2025-03-28T20:45
B-00739,R-105,Badminton,2025-03-27T16:00,2025-03-27T18:00
B-00740,R-007,Gym,2025-03-27T18:00,2025-03-30T18:00
B-00741,R-037,Clubhouse,2025-03-27T18:45,2025-03-29T18:45
B-00742,R-002,Gym,2025-03-27T19:15,2025-03-30T19:15
B-00743,R-007,Pool,2025-03-28T04:45,2025-03-28T08:45
B-00744,R-119,Badminton,2025-03-28T06:45,2025-03-31T06:45
B-00745,R-081,Pool,2025-03-28T10:00,2025-03-28T18:00
B-00746,R-025,Gym,2025-03-28T10:00,2025-04-01T10:00
B-00747,R-071,Pool,2025-03-28T19:45,2025-03-30T19:45
B-00748,R-035,Gym,2025-03-29T01:00,2025-03-29T09:00
B-00749,R-007,Clubhouse,2025-03-29T08:30,2025-04-01T08:30
B-00750,R-027,Badminton,2025-03-29T12:45,2025-03-29T20:45
B-00751,R-041,Pool,2025-03-29T15:15,2025-03-30T09:15
B-00752,R-001,Pool,2025-03-29T16:00,2025-03-30T10:00
B-00753,R-117,Clubhouse,2025-03-29T16:00,2025-03-31T16:00
B-00754,R-026,Clubhouse,2025-03-29T16:45,2025-03-29T18:45
B-00755,R-010,Gym,2025-03-29T17:00,2025-03-29T18:00
B-00756,R-005,Gym,2025-03-29T18:00,2025-04-01T18:00
B-00757,R-008,Pool,2025-03-29T20:00,2025-03-30T20:00
B-00758,R-001,Pool,2025-03-30T00:30,2025-03-30T18:30
B-00759,R-028,Pool,2025-03-30T01:00,2025-03-31T07:00
B-00760,R-132,Pool,2025-03-30T03:00,2025-03-30T21:00
B-00761,R-016,Clubhouse,2025-03-30T07:00,2025-04-01T07:00
B-00762,R-003,Gym,2025-03-30T10:00,2025-03-31T16:00
B-00763,R-008,Multipurpose Hall,2025-03-30T10:45,2025-03-30T18:45
B-00764,R-008,Pool,2025-03-30T13:15,2025-03-30T21:15
B-00765,R-010,Gym,2025-03-30T13:45,2025-03-31T19:45
B-00766,R-110,Multipurpose Hall,2025-03-30T17:00,2025-03-30T18:00
B-00767,R-112,Pool,2025-03-30T18:30,2025-04-02T06:30
B-00768,R-029,Gym,2025-03-30T20:00,2025-04-02T08:00
B-00769,R-107,Pool,2025-03-31T00:30,2025-03-31T18:30
B-00770,R-051,Gym,2025-03-31T00:45,2025-04-01T06:45
B-00771,R-051,Gym,2025-03-31T02:45,2025-04-01T08:45
B-00772,R-032,Gym,2025-03-31T07:45,2025-04-03T07:45
B-00773,R-004,Clubhouse,2025-03-31T10:00,2025-04-02T10:00
B-00774,R-139,Pool,2025-03-31T14:00,2025-04-01T08:00
B-00775,R-139,Pool,2025-03-31T15:15,2025-04-01T09:15
B-00776,R-009,Gym,2025-03-31T19:30,2025-03-31T21:30
B-00777,R-017,Gym,2025-04-01T01:00,2025-04-01T19:00
B-00778,R-062,Pool,2025-04-01T01:15,2025-04-01T19:15
B-00779,R-017,Gym,2025-04-01T01:30,2025-04-01T19:30
B-00780,R-011,Badminton,2025-04-01T08:30,2025-04-04T08:30
B-00781,R-004,Multipurpose Hall,2025-04-01T10:30,2025-04-03T10:30
B-00782,R-045,Gym,2025-04-01T16:00,2025-04-02T16:00
B-00783,R-015,Multipurpose Hall,2025-04-01T18:00,2025-04-01T20:00
B-00784,R-128,Badminton,2025-04-01T18:15,2025-04-05T18:15
B-00785,R-029,Gym,2025-04-01T20:00,2025-04-02T08:00
B-00786,R-033,Badminton,2025-04-02T07:30,2025-04-05T07:30
B-00787,R-027,Gym,2025-04-02T08:45,2025-04-02T16:45
B-00788,R-009,Gym,2025-04-02T09:00,2025-04-04T21:00
B-00789,R-058,Clubhouse,2025-04-02T12:15,2025-04-03T18:15
B-00790,R-121,Pool,2025-04-02T16:00,2025-04-04T16:00
B-00791,R-015,Multipurpose Hall,2025-04-02T18:15,2025-04-02T20:15
B-00792,R-117,Clubhouse,2025-04-03T16:45,2025-04-05T16:45
B-00793,R-047,Pool,2025-04-03T18:00,2025-04-04T06:00
B-00794,R-023,Gym,2025-04-03T18:15,2025-04-07T18:15
B-00795,R-046,Pool,2025-04-03T18:45,2025-04-03T20:45
B-00796,R-002,Gym,2025-04-03T19:45,2025-04-06T19:45
B-00797,R-022,Gym,2025-04-03T20:30,2025-04-04T20:30
B-00798,R-006,Pool,2025-04-03T22:15,2025-04-04T06:15
B-00799,R-047,Pool,2025-04-03T22:15,2025-04-04T06:15
B-00800,R-027,Badminton,2025-04-03T22:45,2025-04-04T06:45
B-00801,R-073,Gym,2025-04-04T01:45,2025-04-04T19:45
B-00802,R-022,Gym,2025-04-04T02:30,2025-04-04T20:30
B-00803,R-124,Pool,2025-04-04T10:00,2025-04-07T10:00
B-00804,R-067,Gym,2025-04-05T06:00,2025-04-08T06:00
B-00805,R-109,Pool,2025-04-05T10:15,2025-04-08T10:15
B-00806,R-098,Badminton,2025-04-05T11:30,2025-04-05T19:30
B-00807,R-001,Pool,2025-04-05T12:15,2025-04-06T06:15
B-00808,R-014,Clubhouse,2025-04-05T14:00,2025-04-05T16:00
B-00809,R-102,Gym,2025-04-05T15:45,2025-04-06T09:45
B-00810,R-031,Gym,2025-04-05T16:00,2025-04-09T16:00
B-00811,R-001,Pool,2025-04-05T16:45,2025-04-06T10:45
B-00812,R-127,Gym,2025-04-05T16:45,2025-04-07T16:45
B-00813,R-092,Gym,2025-04-05T17:00,2025-04-05T21:00
B-00814,R-108,Pool,2025-04-05T17:15,2025-04-07T17:15
B-00815,R-120,Badminton,2025-04-05T18:00,2025-04-08T18:00
B-00816,R-037,Clubhouse,2025-04-05T18:30,2025-04-07T18:30
B-00817,R-046,Pool,2025-04-05T19:15,2025-04-05T20:15
B-00818,R-015,Multipurpose Hall,2025-04-05T20:15,2025-04-09T20:15
B-00819,R-007,Gym,2025-04-05T21:45,2025-04-08T21:45
B-00820,R-041,Gym,2025-04-05T23:00,2025-04-06T17:00
B-00821,R-135,Pool,2025-04-06T01:15,2025-04-07T07:15
B-00822,R-003,Gym,2025-04-06T03:30,2025-04-07T09:30
B-00823,R-029,Gym,2025-04-06T08:45,2025-04-09T08:45
B-00824,R-008,Gym,2025-04-06T13:30,2025-04-06T21:30
B-00825,R-020,Gym,2025-04-06T19:00,2025-04-06T20:00
B-00826,R-072,Badminton,2025-04-06T21:45,2025-04-08T21:45
B-00827,R-018,Gym,2025-04-07T02:30,2025-04-07T10:30
B-00828,R-030,Gym,2025-04-07T06:45,2025-04-08T06:45
B-00829,R-045,Gym,2025-04-07T16:00,2025-04-08T16:00
B-00830,R-073,Gym,2025-04-07T19:00,2025-04-11T19:00
B-00831,R-022,Gym,2025-04-07T20:45,2025-04-11T20:45
B-00832,R-101,Gym,2025-04-08T03:00,2025-04-09T09:00
B-00833,R-004,Clubhouse,2025-04-08T10:45,2025-04-10T10:45
B-00834,R-065,Badminton,2025-04-08T11:15,2025-04-08T19:15
B-00835,R-105,Gym,2025-04-08T16:00,2025-04-08T18:00
B-00836,R-059,Badminton,2025-04-08T16:45,2025-04-08T18:45
B-00837,R-019,Badminton,2025-04-08T19:00,2025-04-12T19:00
B-00838,R-064,Badminton,2025-04-08T22:00,2025-04-09T16:00
B-00839,R-047,Multipurpose Hall,2025-04-09T02:45,2025-04-09T06:45
B-00840,R-068,Pool,2025-04-09T03:15,2025-04-10T09:15
B-00841,R-056,Badminton,2025-04-09T06:45,2025-04-13T06:45
B-00842,R-052,Gym,2025-04-09T07:15,2025-04-09T09:15
B-00843,R-021,Gym,2025-04-09T08:15,2025-04-09T16:15
B-00844,R-021,Gym,2025-04-09T08:30,2025-04-09T16:30
B-00845,R-057,Gym,2025-04-09T09:00,2025-04-13T09:00
B-00846,R-136,Clubhouse,2025-04-09T13:45,2025-04-10T19:45
B-00847,R-031,Gym,2025-04-09T14:00,2025-04-09T16:00
B-00848,R-127,Badminton,2025-04-09T16:15,2025-04-11T16:15
B-00849,R-013,Gym,2025-04-09T18:45,2025-04-09T20:45
B-00850,R-005,Clubhouse,2025-04-09T21:00,2025-04-12T21:00
B-00851,R-053,Gym,2025-04-09T21:00,2025-04-12T21:00
B-00852,R-022,Gym,2025-04-10T02:00,2025-04-10T20:00
B-00853,R-046,Pool,2025-04-10T04:45,2025-04-10T06:45
B-00854,R-006,Pool,2025-04-10T06:30,2025-04-11T06:30
B-00855,R-057,Pool,2025-04-10T07:30,2025-04-13T07:30
B-00856,R-002,Gym,2025-04-10T10:45,2025-04-13T10:45
B-00857,R-027,Clubhouse,2025-04-10T12:00,2025-04-10T20:00
B-00858,R-126,Gym,2025-04-10T17:00,2025-04-14T17:00
B-00859,R-098,Gym,2025-04-10T18:45,2025-04-10T19:45
B-00860,R-050,Pool,2025-04-10T18:45,2025-04-10T20:45
B-00861,R-011,Badminton,2025-04-10T19:30,2025-04-11T07:30
B-00862,R-040,Multipurpose Hall,2025-04-10T21:15,2025-04-13T09:15
B-00863,R-006,Pool,2025-04-10T22:30,2025-04-11T06:30
B-00864,R-068,Pool,2025-04-11T01:30,2025-04-12T07:30
B-00865,R-081,Badminton,2025-04-11T02:00,2025-04-11T10:00
B-00866,R-119,Gym,2025-04-11T06:30,2025-04-14T06:30
B-00867,R-006,Pool,2025-04-11T16:00,2025-04-11T17:00
B-00868,R-088,Gym,2025-04-11T16:45,2025-04-14T16:45
B-00869,R-038,Clubhouse,2025-04-11T18:30,2025-04-13T18:30
B-00870,R-091,Gym,2025-04-11T20:30,2025-04-13T20:30
B-00871,R-035,Gym,2025-04-12T01:00,2025-04-12T09:00
B-00872,R-066,Multipurpose Hall,2025-04-12T04:15,2025-04-13T10:15
B-00873,R-007,Clubhouse,2025-04-12T07:00,2025-04-15T07:00
B-00874,R-067,Gym,2025-04-12T07:00,2025-04-15T07:00
B-00875,R-007,Clubhouse,2025-04-12T08:00,2025-04-15T08:00
B-00876,R-014,Clubhouse,2025-04-12T14:00,2025-04-12T16:00
B-00877,R-087,Badminton,2025-04-13T02:00,2025-04-13T10:00
B-00878,R-003,Pool,2025-04-13T03:00,2025-04-14T09:00
B-00879,R-030,Pool,2025-04-13T06:45,2025-04-15T06:45
B-00880,R-130,Pool,2025-04-13T07:15,2025-04-16T07:15
B-00881,R-029,Gym,2025-04-13T08:30,2025-04-16T08:30
B-00882,R-044,Gym,2025-04-13T09:00,2025-04-15T09:00
B-00883,R-038,Gym,2025-04-13T09:15,2025-04-17T09:15
B-00884,R-044,Pool,2025-04-13T09:45,2025-04-15T09:45
B-00885,R-020,Pool,2025-04-13T10:45,2025-04-16T10:45
B-00886,R-008,Pool,2025-04-13T13:30,2025-04-13T21:30
B-00887,R-003,Gym,2025-04-13T15:00,2025-04-14T21:00
B-00888,R-080,Multipurpose Hall,2025-04-13T16:00,2025-04-13T18:00
B-00889,R-001,Gym,2025-04-13T16:15,2025-04-14T10:15
B-00890,R-037,Clubhouse,2025-04-13T18:00,2025-04-14T18:00
B-00891,R-003,Gym,2025-04-13T21:45,2025-04-14T09:45
B-00892,R-087,Badminton,2025-04-14T00:00,2025-04-14T08:00
B-00893,R-122,Clubhouse,2025-04-14T03:00,2025-04-14T21:00
B-00894,R-086,Badminton,2025-04-14T07:00,2025-04-17T07:00
B-00895,R-103,Multipurpose Hall,2025-04-14T12:15,2025-04-15T18:15
B-00896,R-041,Pool,2025-04-14T15:45,2025-04-15T09:45
B-00897,R-111,Badminton,2025-04-14T18:15,2025-04-14T19:15
B-00898,R-032,Gym,2025-04-14T20:00,2025-04-17T20:00
B-00899,R-016,Clubhouse,2025-04-15T02:30,2025-04-15T06:30
B-00900,R-031,Clubhouse,2025-04-15T04:00,2025-04-17T16:00
B-00901,R-079,Gym,2025-04-15T06:45,2025-04-15T08:45
B-00902,R-004,Clubhouse,2025-04-15T10:00,2025-04-17T10:00
B-00903,R-054,Gym,2025-04-15T18:00,2025-04-18T18:00
B-00904,R-024,Pool,2025-04-15T18:15,2025-04-18T18:15
B-00905,R-082,Multipurpose Hall,2025-04-16T00:30,2025-04-16T18:30
B-00906,R-089,Pool,2025-04-16T03:00,2025-04-16T07:00
B-00907,R-063,Gym,2025-04-16T06:15,2025-04-19T06:15
B-00908,R-021,Gym,2025-04-16T12:15,2025-04-16T16:15
B-00909,R-031,Gym,2025-04-16T12:45,2025-04-16T16:45
B-00910,R-080,Gym,2025-04-16T16:15,2025-04-16T18:15
B-00911,R-001,Pool,2025-04-17T02:45,2025-04-17T20:45
B-00912,R-011,Pool,2025-04-17T08:15,2025-04-18T08:15
B-00913,R-002,Gym,2025-04-17T09:15,2025-04-20T09:15
B-00914,R-024,Clubhouse,2025-04-17T10:00,2025-04-20T10:00
B-00915,R-033,Pool,2025-04-17T10:45,2025-04-20T10:45
B-00916,R-014,Clubhouse,2025-04-17T14:45,2025-04-17T16:45
B-00917,R-006,Pool,2025-04-18T00:00,2025-04-18T08:00
B-00918,R-022,Gym,2025-04-18T02:00,2025-04-18T20:00
B-00919,R-027,Badminton,2025-04-18T13:00,2025-04-18T21:00
B-00920,R-120,Gym,2025-04-18T21:00,2025-04-21T21:00
B-00921,R-035,Gym,2025-04-19T01:45,2025-04-19T09:45
B-00922,R-022,Gym,2025-04-19T02:00,2025-04-19T20:00
B-00923,R-007,Clubhouse,2025-04-19T08:00,2025-04-22T08:00
B-00924,R-007,Badminton,2025-04-19T08:00,2025-04-22T08:00
B-00925,R-096,Clubhouse,2025-04-19T09:30,2025-04-22T09:30
B-00926,R-020,Pool,2025-04-19T10:00,2025-04-22T10:00
B-00927,R-098,Gym,2025-04-19T11:45,2025-04-19T19:45
B-00928,R-001,Gym,2025-04-19T12:00,2025-04-20T06:00
B-00929,R-001,Pool,2025-04-19T16:00,2025-04-20T10:00
B-00930,R-001,Pool,2025-04-19T16:15,2025-04-20T10:15
B-00931,R-001,Pool,2025-04-19T16:30,2025-04-20T10:30
B-00932,R-039,Pool,2025-04-19T16:45,2025-04-19T18:45
B-00933,R-001,Pool,2025-04-19T16:45,2025-04-20T10:45
B-00934,R-095,Clubhouse,2025-04-19T16:45,2025-04-22T16:45
B-00935,R-016,Clubhouse,2025-04-19T17:00,2025-04-21T17:00
B-00936,R-035,Clubhouse,2025-04-19T18:00,2025-04-23T18:00
B-00937,R-041,Pool,2025-04-19T23:15,2025-04-20T17:15
B-00938,R-022,Gym,2025-04-20T00:30,2025-04-20T18:30
B-00939,R-132,Badminton,2025-04-20T03:00,2025-04-20T21:00
B-00940,R-003,Gym,2025-04-20T03:15,2025-04-21T09:15
B-00941,R-041,Pool,2025-04-20T08:00,2025-04-20T09:00
B-00942,R-001,Pool,2025-04-20T09:00,2025-04-20T10:00
B-00943,R-008,Pool,2025-04-20T13:00,2025-04-20T21:00
B-00944,R-008,Pool,2025-04-20T13:30,2025-04-20T21:30
B-00945,R-010,Gym,2025-04-20T13:30,2025-04-21T19:30
B-00946,R-012,Pool,2025-04-20T15:30,2025-04-21T09:30
B-00947,R-009,Pool,2025-04-20T16:00,2025-04-20T18:00
B-00948,R-026,Gym,2025-04-20T16:45,2025-04-20T18:45
B-00949,R-001,Gym,2025-04-21T00:30,2025-04-21T18:30
B-00950,R-018,Gym,2025-04-21T02:00,2025-04-21T10:00
B-00951,R-018,Gym,2025-04-21T02:00,2025-04-21T10:00
B-00952,R-103,Multipurpose Hall,2025-04-21T02:00,2025-04-22T08:00
B-00953,R-018,Gym,2025-04-21T02:15,2025-04-21T10:15
B-00954,R-062,Badminton,2025-04-21T07:00,2025-04-21T19:00
B-00955,R-032,Gym,2025-04-21T10:00,2025-04-24T10:00
B-00956,R-084,Gym,2025-04-21T16:00,2025-04-22T10:00
B-00957,R-095,Gym,2025-04-21T16:00,2025-04-24T16:00
B-00958,R-009,Badminton,2025-04-21T19:00,2025-04-21T21:00
B-00959,R-009,Gym,2025-04-21T19:45,2025-04-21T21:45
B-00960,R-064,Gym,2025-04-21T22:00,2025-04-22T16:00
B-00961,R-083,Gym,2025-04-22T00:00,2025-04-22T18:00
B-00962,R-034,Multipurpose Hall,2025-04-22T07:00,2025-04-24T07:00
B-00963,R-130,Pool,2025-04-22T07:00,2025-04-25T07:00
B-00964,R-020,Pool,2025-04-22T10:15,2025-04-25T10:15
B-00965,R-004,Clubhouse,2025-04-22T10:45,2025-04-24T10:45
B-00966,R-070,Gym,2025-04-22T19:30,2025-04-23T07:30
B-00967,R-058,Gym,2025-04-23T01:00,2025-04-24T07:00
B-00968,R-013,Gym,2025-04-23T04:45,2025-04-23T06:45
B-00969,R-021,Gym,2025-04-23T08:45,2025-04-23T16:45
B-00970,R-113,Gym,2025-04-23T10:45,2025-04-23T18:45
B-00971,R-036,Pool,2025-04-23T12:45,2025-04-23T20:45
B-00972,R-005,Pool,2025-04-23T18:00,2025-04-27T18:00
B-00973,R-005,Clubhouse,2025-04-23T21:00,2025-04-26T21:00
B-00974,R-057,Pool,2025-04-24T09:30,2025-04-27T09:30
B-00975,R-039,Pool,2025-04-24T16:00,2025-04-24T18:00
B-00976,R-088,Gym,2025-04-24T16:00,2025-04-27T16:00
B-00977,R-002,Gym,2025-04-24T19:30,2025-04-27T19:30
B-00978,R-057,Pool,2025-04-24T21:00,2025-04-27T21:00
B-00979,R-006,Pool,2025-04-24T22:45,2025-04-25T06:45
B-00980,R-133,Badminton,2025-04-25T07:00,2025-04-27T07:00
B-00981,R-017,Gym,2025-04-25T07:45,2025-04-27T19:45
B-00982,R-004,Clubhouse,2025-04-25T10:00,2025-04-27T10:00
B-00983,R-027,Badminton,2025-04-25T13:00,2025-04-25T21:00
B-00984,R-102,Gym,2025-04-25T15:00,2025-04-26T09:00
B-00985,R-104,Gym,2025-04-25T17:45,2025-04-28T17:45
B-00986,R-097,Clubhouse,2025-04-25T20:15,2025-04-28T20:15
B-00987,R-056,Badminton,2025-04-26T00:45,2025-04-27T06:45
B-00988,R-020,Pool,2025-04-26T09:45,2025-04-29T09:45
B-00989,R-068,Gym,2025-04-26T09:45,2025-04-30T09:45
B-00990,R-003,Multipurpose Hall,2025-04-26T12:15,2025-04-27T18:15
B-00991,R-039,Pool,2025-04-26T16:15,2025-04-26T18:15
B-00992,R-037,Clubhouse,2025-04-26T18:00,2025-04-28T18:00
B-00993,R-027,Badminton,2025-04-26T21:15,2025-04-30T21:15
B-00994,R-012,Clubhouse,2025-04-27T01:45,2025-04-27T19:45
B-00995,R-087,Badminton,2025-04-27T02:00,2025-04-27T10:00
B-00996,R-008,Pool,2025-04-27T02:45,2025-04-27T10:45
B-00997,R-003,Gym,2025-04-27T03:00,2025-04-28T09:00
B-00998,R-079,Gym,2025-04-27T04:30,2025-04-29T16:30
B-00999,R-016,Gym,2025-04-27T07:30,2025-04-29T07:30
B-01000,R-041,Pool,2025-04-27T08:45,2025-04-27T09:45
B-01001,R-038,Gym,2025-04-27T09:15,2025-04-29T09:15
B-01002,R-010,Pool,2025-04-27T13:00,2025-04-28T19:00
B-01003,R-002,Pool,2025-04-27T14:30,2025-04-27T18:30
B-01004,R-024,Multipurpose Hall,2025-04-27T18:45,2025-04-30T18:45
B-01005,R-069,Gym,2025-04-27T19:00,2025-04-29T19:00
B-01006,R-040,Multipurpose Hall,2025-04-28T01:00,2025-04-28T09:00
B-01007,R-032,Pool,2025-04-28T07:45,2025-05-01T07:45
B-01008,R-132,Badminton,2025-04-28T09:30,2025-04-28T21:30
B-01009,R-028,Pool,2025-04-28T14:15,2025-04-29T20:15
B-01010,R-035,Gym,2025-04-29T01:15,2025-04-29T09:15
B-01011,R-106,Gym,2025-04-29T01:30,2025-04-29T09:30
B-01012,R-014,Gym,2025-04-29T04:45,2025-04-29T16:45
B-01013,R-017,Gym,2025-04-29T07:00,2025-04-29T19:00
B-01014,R-034,Multipurpose Hall,2025-04-29T07:30,2025-05-01T07:30
B-01015,R-034,Multipurpose Hall,2025-04-29T09:45,2025-05-01T21:45
B-01016,R-082,Gym,2025-04-29T13:30,2025-04-30T07:30
B-01017,R-082,Badminton,2025-04-29T15:00,2025-04-30T09:00
B-01018,R-041,Pool,2025-04-29T15:30,2025-04-30T09:30
B-01019,R-038,Gym,2025-04-29T16:15,2025-05-01T16:15
B-01020,R-048,Multipurpose Hall,2025-04-29T19:15,2025-05-03T19:15
B-01021,R-052,Gym,2025-04-29T21:00,2025-04-30T09:00
B-01022,R-005,Clubhouse,2025-04-30T10:30,2025-05-01T10:30
B-01023,R-080,Badminton,2025-04-30T14:45,2025-04-30T18:45
B-01024,R-110,Gym,2025-04-30T15:00,2025-04-30T17:00
B-01025,R-110,Gym,2025-04-30T15:00,2025-04-30T17:00
B-01026,R-061,Gym,2025-04-30T20:00,2025-05-04T20:00
B-01027,R-034,Multipurpose Hall,2025-04-30T21:00,2025-05-02T21:00
B-01028,R-058,Gym,2025-05-01T01:00,2025-05-02T07:00
B-01029,R-010,Gym,2025-05-01T07:45,2025-05-01T19:45
B-01030,R-049,Pool,2025-05-01T11:15,2025-05-01T19:15
B-01031,R-017,Gym,2025-05-01T15:45,2025-05-02T09:45
B-01032,R-033,Badminton,2025-05-01T18:45,2025-05-04T18:45
B-01033,R-006,Clubhouse,2025-05-01T22:30,2025-05-02T06:30
B-01034,R-128,Badminton,2025-05-02T04:15,2025-05-02T08:15
B-01035,R-118,Badminton,2025-05-02T05:00,2025-05-04T17:00
B-01036,R-037,Gym,2025-05-02T07:00,2025-05-04T07:00
B-01037,R-011,Badminton,2025-05-02T08:45,2025-05-05T08:45
B-01038,R-019,Multipurpose Hall,2025-05-02T18:15,2025-05-04T18:15
B-01039,R-015,Multipurpose Hall,2025-05-02T19:30,2025-05-02T20:30
B-01040,R-056,Badminton,2025-05-03T00:00,2025-05-04T06:00
B-01041,R-035,Multipurpose Hall,2025-05-03T01:30,2025-05-03T09:30
B-01042,R-007,Clubhouse,2025-05-03T08:30,2025-05-06T08:30
B-01043,R-048,Multipurpose Hall,2025-05-03T11:00,2025-05-03T19:00
B-01044,R-026,Gym,2025-05-03T16:00,2025-05-03T18:00
B-01045,R-095,Gym,2025-05-03T16:15,2025-05-06T16:15
B-01046,R-037,Clubhouse,2025-05-03T18:00,2025-05-05T18:00
B-01047,R-037,Clubhouse,2025-05-03T18:00,2025-05-05T18:00
B-01048,R-037,Clubhouse,2025-05-03T18:15,2025-05-05T18:15
B-01049,R-131,Badminton,2025-05-04T01:00,2025-05-04T09:00
B-01050,R-030,Clubhouse,2025-05-04T06:15,2025-05-06T06:15
B-01051,R-075,Gym,2025-05-04T08:00,2025-05-07T08:00
B-01052,R-065,Gym,2025-05-04T10:00,2025-05-04T18:00
B-01053,R-018,Gym,2025-05-04T10:00,2025-05-05T10:00
B-01054,R-003,Gym,2025-05-04T11:00,2025-05-05T17:00
B-01055,R-002,Pool,2025-05-04T17:30,2025-05-04T18:30
B-01056,R-118,Pool,2025-05-04T17:45,2025-05-04T18:45
B-01057,R-019,Badminton,2025-05-04T19:45,2025-05-06T19:45
B-01058,R-046,Pool,2025-05-04T20:45,2025-05-08T20:45
B-01059,R-018,Gym,2025-05-04T22:30,2025-05-05T10:30
B-01060,R-111,Badminton,2025-05-05T01:00,2025-05-05T19:00
B-01061,R-032,Gym,2025-05-05T07:45,2025-05-08T07:45
B-01062,R-049,Pool,2025-05-05T12:00,2025-05-05T20:00
B-01063,R-139,Pool,2025-05-05T17:00,2025-05-06T17:00
B-01064,R-004,Clubhouse,2025-05-05T18:00,2025-05-08T06:00
B-01065,R-097,Clubhouse,2025-05-05T18:45,2025-05-08T18:45
B-01066,R-027,Badminton,2025-05-05T21:00,2025-05-09T21:00
B-01067,R-093,Pool,2025-05-06T10:00,2025-05-09T10:00
B-01068,R-008,Pool,2025-05-06T13:45,2025-05-06T21:45
B-01069,R-061,Gym,2025-05-06T14:00,2025-05-07T20:00
B-01070,R-046,Pool,2025-05-06T14:15,2025-05-06T16:15
B-01071,R-105,Badminton,2025-05-06T16:00,2025-05-06T18:00
B-01072,R-004,Gym,2025-05-06T16:45,2025-05-08T16:45
B-01073,R-004,Clubhouse,2025-05-06T20:00,2025-05-08T20:00
B-01074,R-009,Gym,2025-05-06T21:00,2025-05-07T21:00
B-01075,R-034,Multipurpose Hall,2025-05-06T21:00,2025-05-08T21:00
B-01076,R-139,Pool,2025-05-06T22:45,2025-05-09T10:45
B-01077,R-021,Gym,2025-05-07T08:00,2025-05-07T16:00
B-01078,R-021,Gym,2025-05-07T08:30,2025-05-07T16:30
B-01079,R-113,Gym,2025-05-07T10:00,2025-05-07T18:00
B-01080,R-021,Gym,2025-05-07T15:15,2025-05-07T16:15
B-01081,R-125,Gym,2025-05-07T16:00,2025-05-09T16:00
B-01082,R-125,Gym,2025-05-07T16:45,2025-05-09T16:45
B-01083,R-046,Pool,2025-05-07T18:00,2025-05-08T18:00
B-01084,R-095,Gym,2025-05-08T04:00,2025-05-10T16:00
B-01085,R-123,Gym,2025-05-08T05:00,2025-05-08T07:00
B-01086,R-021,Gym,2025-05-08T08:00,2025-05-08T16:00
B-01087,R-018,Gym,2025-05-08T10:30,2025-05-12T10:30
B-01088,R-050,Gym,2025-05-08T16:45,2025-05-08T18:45
B-01089,R-046,Pool,2025-05-08T18:00,2025-05-08T20:00
B-01090,R-002,Gym,2025-05-08T19:30,2025-05-11T19:30
B-01091,R-002,Gym,2025-05-08T19:45,2025-05-11T19:45
B-01092,R-002,Gym,2025-05-08T19:45,2025-05-11T19:45
B-01093,R-003,Gym,2025-05-09T03:30,2025-05-10T09:30
B-01094,R-109,Badminton,2025-05-09T05:15,2025-05-09T06:15
B-01095,R-047,Pool,2025-05-09T05:45,2025-05-09T06:45
B-01096,R-125,Gym,2025-05-09T06:15,2025-05-09T10:15
B-01097,R-055,Pool,2025-05-09T07:45,2025-05-09T09:45
B-01098,R-081,Pool,2025-05-09T09:00,2025-05-09T17:00
B-01099,R-028,Pool,2025-05-09T14:15,2025-05-10T20:15
B-01100,R-063,Gym,2025-05-10T06:00,2025-05-14T06:00
B-01101,R-029,Gym,2025-05-10T08:45,2025-05-14T08:45
B-01102,R-108,Pool,2025-05-10T10:00,2025-05-12T10:00
B-01103,R-103,Pool,2025-05-10T11:45,2025-05-11T17:45
B-01104,R-010,Gym,2025-05-10T13:00,2025-05-11T19:00
B-01105,R-026,Gym,2025-05-10T16:00,2025-05-10T18:00
B-01106,R-012,Clubhouse,2025-05-10T16:00,2025-05-11T10:00
B-01107,R-001,Pool,2025-05-10T16:45,2025-05-11T10:45
B-01108,R-059,Multipurpose Hall,2025-05-10T17:00,2025-05-10T19:00
B-01109,R-038,Gym,2025-05-10T19:15,2025-05-12T19:15
B-01110,R-083,Gym,2025-05-11T00:30,2025-05-11T18:30
B-01111,R-003,Clubhouse,2025-05-11T03:00,2025-05-12T09:00
B-01112,R-005,Multipurpose Hall,2025-05-11T08:00,2025-05-14T08:00
B-01113,R-010,Gym,2025-05-11T13:00,2025-05-12T19:00
B-01114,R-026,Gym,2025-05-11T16:30,2025-05-11T18:30
B-01115,R-015,Multipurpose Hall,2025-05-11T18:30,2025-05-11T20:30
B-01116,R-069,Gym,2025-05-11T21:45,2025-05-13T21:45
B-01117,R-051,Gym,2025-05-12T00:00,2025-05-13T06:00
B-01118,R-095,Gym,2025-05-12T07:15,2025-05-15T07:15
B-01119,R-086,Badminton,2025-05-12T07:30,2025-05-15T07:30
B-01120,R-032,Gym,2025-05-12T10:30,2025-05-15T10:30
B-01121,R-023,Gym,2025-05-12T14:00,2025-05-12T16:00
B-01122,R-084,Gym,2025-05-12T16:15,2025-05-13T10:15
B-01123,R-014,Clubhouse,2025-05-12T16:15,2025-05-16T16:15
B-01124,R-074,Gym,2025-05-12T18:00,2025-05-13T18:00
B-01125,R-099,Multipurpose Hall,2025-05-12T18:00,2025-05-15T18:00
B-01126,R-009,Gym,2025-05-12T19:00,2025-05-12T21:00
B-01127,R-073,Gym,2025-05-12T19:30,2025-05-16T19:30
B-01128,R-106,Gym,2025-05-13T08:00,2025-05-13T16:00
B-01129,R-004,Clubhouse,2025-05-13T08:00,2025-05-15T08:00
B-01130,R-060,Gym,2025-05-13T14:15,2025-05-13T18:15
B-01131,R-006,Pool,2025-05-13T18:30,2025-05-16T06:30
B-01132,R-031,Gym,2025-05-14T05:15,2025-05-14T07:15
B-01133,R-103,Badminton,2025-05-14T08:00,2025-05-18T08:00
B-01134,R-036,Pool,2025-05-14T09:30,2025-05-14T10:30
B-01135,R-101,Gym,2025-05-14T11:00,2025-05-15T17:00
B-01136,R-015,Pool,2025-05-14T18:00,2025-05-14T20:00
B-01137,R-046,Pool,2025-05-15T05:30,2025-05-15T07:30
B-01138,R-002,Gym,2025-05-15T07:45,2025-05-18T07:45
B-01139,R-006,Pool,2025-05-15T08:00,2025-05-16T08:00
B-01140,R-057,Pool,2025-05-15T09:30,2025-05-18T09:30
B-01141,R-039,Pool,2025-05-15T16:30,2025-05-15T18:30
B-01142,R-022,Gym,2025-05-15T16:45,2025-05-16T10:45
B-01143,R-093,Gym,2025-05-15T17:00,2025-05-18T17:00
B-01144,R-011,Multipurpose Hall,2025-05-15T18:45,2025-05-18T18:45
B-01145,R-042,Pool,2025-05-15T20:00,2025-05-17T20:00
B-01146,R-047,Pool,2025-05-15T22:00,2025-05-16T06:00
B-01147,R-017,Gym,2025-05-16T00:15,2025-05-16T18:15
B-01148,R-022,Gym,2025-05-16T02:00,2025-05-16T20:00
B-01149,R-022,Gym,2025-05-16T02:00,2025-05-16T20:00
B-01150,R-017,Gym,2025-05-16T02:15,2025-05-16T20:15
B-01151,R-022,Gym,2025-05-16T02:30,2025-05-16T20:30
B-01152,R-007,Clubhouse,2025-05-16T07:45,2025-05-19T07:45
B-01153,R-044,Pool,2025-05-16T10:00,2025-05-18T10:00
B-01154,R-036,Pool,2025-05-16T12:00,2025-05-16T20:00
B-01155,R-027,Badminton,2025-05-16T13:00,2025-05-16T21:00
B-01156,R-078,Badminton,2025-05-16T13:00,2025-05-17T19:00
B-01157,R-004,Clubhouse,2025-05-16T18:00,2025-05-18T18:00
B-01158,R-004,Gym,2025-05-16T18:00,2025-05-18T18:00
B-01159,R-002,Gym,2025-05-16T19:00,2025-05-19T19:00
B-01160,R-108,Pool,2025-05-16T22:15,2025-05-19T10:15
B-01161,R-074,Pool,2025-05-17T04:30,2025-05-18T10:30
B-01162,R-039,Pool,2025-05-17T08:00,2025-05-17T10:00
B-01163,R-005,Clubhouse,2025-05-17T20:00,2025-05-17T21:00
B-01164,R-040,Multipurpose Hall,2025-05-18T01:00,2025-05-18T09:00
B-01165,R-012,Clubhouse,2025-05-18T01:30,2025-05-18T19:30
B-01166,R-003,Gym,2025-05-18T03:15,2025-05-19T09:15
B-01167,R-006,Pool,2025-05-18T08:45,2025-05-18T16:45
B-01168,R-011,Badminton,2025-05-18T08:45,2025-05-21T08:45
B-01169,R-072,Badminton,2025-05-18T10:00,2025-05-20T10:00
B-01170,R-135,Multipurpose Hall,2025-05-18T11:30,2025-05-19T17:30
B-01171,R-008,Pool,2025-05-18T13:00,2025-05-18T21:00
B-01172,R-023,Gym,2025-05-18T14:00,2025-05-18T16:00
B-01173,R-069,Gym,2025-05-18T16:15,2025-05-20T16:15
B-01174,R-082,Gym,2025-05-18T21:00,2025-05-22T21:00
B-01175,R-062,Gym,2025-05-19T01:00,2025-05-19T19:00
B-01176,R-012,Badminton,2025-05-19T01:15,2025-05-19T19:15
B-01177,R-021,Gym,2025-05-19T04:00,2025-05-21T16:00
B-01178,R-033,Badminton,2025-05-19T06:45,2025-05-19T10:45
B-01179,R-007,Clubhouse,2025-05-19T08:45,2025-05-20T08:45
B-01180,R-116,Gym,2025-05-20T02:00,2025-05-20T06:00
B-01181,R-075,Gym,2025-05-20T07:00,2025-05-20T08:00
B-01182,R-130,Pool,2025-05-20T07:45,2025-05-23T07:45
B-01183,R-011,Badminton,2025-05-20T08:45,2025-05-23T08:45
B-01184,R-038,Badminton,2025-05-20T09:00,2025-05-22T09:00
B-01185,R-004,Clubhouse,2025-05-20T10:30,2025-05-22T10:30
B-01186,R-079,Gym,2025-05-20T14:00,2025-05-20T16:00
B-01187,R-050,Pool,2025-05-20T16:15,2025-05-20T18:15
B-01188,R-088,Gym,2025-05-20T17:45,2025-05-23T17:45
B-01189,R-029,Gym,2025-05-20T18:30,2025-05-21T06:30
B-01190,R-010,Gym,2025-05-20T19:00,2025-05-21T19:00
B-01191,R-053,Gym,2025-05-20T21:00,2025-05-23T21:00
B-01192,R-071,Pool,2025-05-20T21:15,2025-05-22T21:15
B-01193,R-013,Gym,2025-05-20T21:45,2025-05-21T21:45
B-01194,R-008,Pool,2025-05-21T12:00,2025-05-21T20:00
B-01195,R-013,Gym,2025-05-21T18:45,2025-05-21T20:45
B-01196,R-005,Clubhouse,2025-05-21T21:30,2025-05-24T21:30
B-01197,R-062,Pool,2025-05-22T01:00,2025-05-22T19:00
B-01198,R-061,Gym,2025-05-22T02:00,2025-05-23T08:00
B-01199,R-034,Multipurpose Hall,2025-05-22T07:00,2025-05-23T07:00
B-01200,R-104,Multipurpose Hall,2025-05-22T17:00,2025-05-25T17:00
B-01201,R-022,Gym,2025-05-23T02:00,2025-05-23T20:00
B-01202,R-022,Gym,2025-05-23T03:00,2025-05-23T21:00
B-01203,R-068,Pool,2025-05-23T03:15,2025-05-24T09:15
B-01204,R-011,Badminton,2025-05-23T07:30,2025-05-23T08:30
B-01205,R-042,Pool,2025-05-23T08:45,2025-05-23T20:45
B-01206,R-019,Badminton,2025-05-23T08:45,2025-05-25T08:45
B-01207,R-124,Pool,2025-05-23T10:00,2025-05-27T10:00
B-01208,R-008,Pool,2025-05-23T13:00,2025-05-23T21:00
B-01209,R-028,Badminton,2025-05-23T14:15,2025-05-24T20:15
B-01210,R-025,Gym,2025-05-23T16:00,2025-05-24T10:00
B-01211,R-077,Gym,2025-05-23T18:15,2025-05-25T18:15
B-01212,R-091,Gym,2025-05-23T20:15,2025-05-25T20:15
B-01213,R-041,Pool,2025-05-23T21:00,2025-05-24T09:00
B-01214,R-035,Gym,2025-05-23T23:45,2025-05-24T07:45
B-01215,R-054,Pool,2025-05-24T06:30,2025-05-26T18:30
B-01216,R-014,Clubhouse,2025-05-24T08:30,2025-05-24T10:30
B-01217,R-082,Gym,2025-05-24T13:00,2025-05-25T07:00
B-01218,R-094,Gym,2025-05-24T15:30,2025-05-25T21:30
B-01219,R-043,Pool,2025-05-24T16:00,2025-05-26T16:00
B-01220,R-117,Clubhouse,2025-05-24T16:00,2025-05-26T16:00
B-01221,R-127,Badminton,2025-05-24T17:00,2025-05-26T17:00
B-01222,R-037,Clubhouse,2025-05-24T18:15,2025-05-26T18:15
B-01223,R-014,Clubhouse,2025-05-24T19:00,2025-05-24T21:00
B-01224,R-005,Clubhouse,2025-05-24T21:00,2025-05-27T21:00
B-01225,R-027,Pool,2025-05-25T00:45,2025-05-25T08:45
B-01226,R-017,Gym,2025-05-25T01:15,2025-05-25T19:15
B-01227,R-001,Pool,2025-05-25T03:00,2025-05-25T21:00
B-01228,R-003,Gym,2025-05-25T03:00,2025-05-26T09:00
B-01229,R-030,Gym,2025-05-25T06:15,2025-05-27T06:15
B-01230,R-004,Pool,2025-05-25T08:30,2025-05-25T20:30
B-01231,R-018,Badminton,2025-05-25T10:15,2025-05-25T18:15
B-01232,R-008,Pool,2025-05-25T13:00,2025-05-25T21:00
B-01233,R-010,Gym,2025-05-25T13:30,2025-05-26T19:30
B-01234,R-030,Gym,2025-05-25T17:30,2025-05-27T17:30
B-01235,R-024,Pool,2025-05-25T18:30,2025-05-28T18:30
B-01236,R-111,Badminton,2025-05-25T19:15,2025-05-26T19:15
B-01237,R-094,Gym,2025-05-25T20:45,2025-05-28T08:45
B-01238,R-072,Badminton,2025-05-25T21:00,2025-05-27T21:00
B-01239,R-111,Badminton,2025-05-26T01:30,2025-05-26T19:30
B-01240,R-086,Badminton,2025-05-26T07:45,2025-05-29T07:45
B-01241,R-051,Gym,2025-05-26T12:15,2025-05-27T18:15
B-01242,R-010,Gym,2025-05-26T15:00,2025-05-26T19:00
B-01243,R-045,Gym,2025-05-26T15:00,2025-05-27T09:00
B-01244,R-025,Clubhouse,2025-05-26T16:00,2025-05-27T10:00
B-01245,R-045,Gym,2025-05-26T16:00,2025-05-27T10:00
B-01246,R-009,Gym,2025-05-26T19:45,2025-05-26T21:45
B-01247,R-029,Gym,2025-05-26T21:00,2025-05-29T21:00
B-01248,R-014,Clubhouse,2025-05-27T04:30,2025-05-27T06:30
B-01249,R-011,Multipurpose Hall,2025-05-27T08:45,2025-05-30T08:45
B-01250,R-105,Pool,2025-05-27T16:00,2025-05-27T18:00
B-01251,R-006,Gym,2025-05-27T18:15,2025-05-30T06:15
B-01252,R-128,Badminton,2025-05-27T19:00,2025-05-27T21:00
B-01253,R-005,Pool,2025-05-28T07:15,2025-06-01T07:15
B-01254,R-055,Multipurpose Hall,2025-05-28T07:30,2025-05-30T19:30
B-01255,R-027,Gym,2025-05-28T13:30,2025-05-28T21:30
B-01256,R-013,Gym,2025-05-28T18:30,2025-05-28T20:30
B-01257,R-039,Pool,2025-05-29T06:30,2025-05-31T18:30
B-01258,R-057,Pool,2025-05-29T09:15,2025-06-01T09:15
B-01259,R-002,Gym,2025-05-29T18:30,2025-06-01T18:30
B-01260,R-006,Pool,2025-05-29T22:00,2025-05-30T06:00
B-01261,R-051,Badminton,2025-05-30T00:15,2025-05-31T06:15
B-01262,R-030,Gym,2025-05-30T06:15,2025-06-03T06:15
B-01263,R-081,Pool,2025-05-30T09:00,2025-05-30T17:00
B-01264,R-084,Gym,2025-05-30T10:00,2025-06-03T10:00
B-01265,R-008,Pool,2025-05-30T13:15,2025-05-30T21:15
B-01266,R-027,Badminton,2025-05-30T13:45,2025-05-30T21:45
B-01267,R-028,Gym,2025-05-30T14:00,2025-05-31T20:00
B-01268,R-026,Gym,2025-05-30T19:45,2025-05-31T19:45
B-01269,R-019,Badminton,2025-05-30T19:45,2025-06-01T19:45
B-01270,R-082,Gym,2025-05-31T00:00,2025-05-31T18:00
B-01271,R-056,Badminton,2025-05-31T00:00,2025-06-01T06:00
B-01272,R-074,Gym,2025-05-31T04:15,2025-06-01T10:15
B-01273,R-016,Clubhouse,2025-05-31T07:00,2025-06-04T07:00
B-01274,R-016,Clubhouse,2025-05-31T07:45,2025-06-02T07:45
B-01275,R-007,Clubhouse,2025-05-31T08:00,2025-06-03T08:00
B-01276,R-007,Clubhouse,2025-05-31T08:15,2025-06-03T08:15
B-01277,R-108,Pool,2025-05-31T10:00,2025-06-02T10:00
B-01278,R-096,Clubhouse,2025-05-31T10:30,2025-06-03T10:30
B-01279,R-134,Gym,2025-05-31T10:45,2025-06-01T10:45
B-01280,R-098,Gym,2025-05-31T13:45,2025-05-31T21:45
B-01281,R-127,Badminton,2025-05-31T16:00,2025-06-02T16:00
B-01282,R-001,Pool,2025-05-31T16:45,2025-06-01T10:45
B-01283,R-139,Multipurpose Hall,2025-05-31T18:30,2025-06-01T18:30
B-01284,R-002,Gym,2025-05-31T19:15,2025-06-01T19:15
B-01285,R-012,Clubhouse,2025-06-01T01:00,2025-06-01T19:00
B-01286,R-003,Gym,2025-06-01T03:00,2025-06-02T09:00
B-01287,R-003,Badminton,2025-06-01T03:00,2025-06-02T09:00
B-01288,R-003,Gym,2025-06-01T03:45,2025-06-02T09:45
B-01289,R-040,Multipurpose Hall,2025-06-01T09:30,2025-06-01T17:30
B-01290,R-016,Clubhouse,2025-06-01T09:45,2025-06-03T09:45
B-01291,R-008,Pool,2025-06-01T13:30,2025-06-01T21:30
B-01292,R-024,Pool,2025-06-01T18:45,2025-06-04T18:45
B-01293,R-009,Gym,2025-06-02T09:00,2025-06-02T21:00
B-01294,R-045,Gym,2025-06-02T13:45,2025-06-03T07:45
B-01295,R-031,Gym,2025-06-02T16:00,2025-06-02T18:00
B-01296,R-099,Gym,2025-06-02T16:45,2025-06-05T16:45
B-01297,R-051,Gym,2025-06-02T19:30,2025-06-03T19:30
B-01298,R-072,Badminton,2025-06-02T21:00,2025-06-04T21:00
B-01299,R-005,Clubhouse,2025-06-02T21:00,2025-06-05T21:00
B-01300,R-045,Gym,2025-06-02T23:30,2025-06-03T17:30
B-01301,R-017,Gym,2025-06-03T01:00,2025-06-03T19:00
B-01302,R-016,Clubhouse,2025-06-03T06:00,2025-06-03T07:00
B-01303,R-124,Clubhouse,2025-06-03T06:30,2025-06-03T10:30
B-01304,R-011,Badminton,2025-06-03T08:00,2025-06-06T08:00
B-01305,R-038,Gym,2025-06-03T09:30,2025-06-05T09:30
B-01306,R-109,Badminton,2025-06-03T10:30,2025-06-06T10:30
B-01307,R-053,Gym,2025-06-03T21:15,2025-06-06T21:15
B-01308,R-036,Badminton,2025-06-04T08:15,2025-06-04T20:15
B-01309,R-136,Clubhouse,2025-06-04T13:15,2025-06-05T19:15
B-01310,R-001,Pool,2025-06-04T16:00,2025-06-05T10:00
B-01311,R-067,Badminton,2025-06-04T18:45,2025-06-08T18:45
B-01312,R-076,Gym,2025-06-04T18:45,2025-06-08T18:45
B-01313,R-005,Badminton,2025-06-04T20:45,2025-06-07T20:45
B-01314,R-011,Clubhouse,2025-06-05T08:15,2025-06-08T08:15
B-01315,R-133,Badminton,2025-06-05T08:30,2025-06-07T08:30
B-01316,R-004,Clubhouse,2025-06-05T10:30,2025-06-07T10:30
B-01317,R-028,Pool,2025-06-05T14:00,2025-06-06T20:00
B-01318,R-076,Gym,2025-06-05T17:30,2025-06-07T17:30
B-01319,R-012,Clubhouse,2025-06-06T01:00,2025-06-06T19:00
B-01320,R-009,Gym,2025-06-06T06:15,2025-06-06T08:15
B-01321,R-016,Clubhouse,2025-06-06T07:30,2025-06-10T07:30
B-01322,R-042,Clubhouse,2025-06-06T16:00,2025-06-07T16:00
B-01323,R-076,Gym,2025-06-06T16:30,2025-06-08T16:30
B-01324,R-013,Gym,2025-06-06T18:15,2025-06-06T20:15
B-01325,R-129,Clubhouse,2025-06-06T19:00,2025-06-09T19:00
B-01326,R-090,Pool,2025-06-06T22:30,2025-06-07T16:30
B-01327,R-066,Multipurpose Hall,2025-06-07T01:00,2025-06-08T07:00
B-01328,R-066,Multipurpose Hall,2025-06-07T04:30,2025-06-08T10:30
B-01329,R-019,Badminton,2025-06-07T06:00,2025-06-09T06:00
B-01330,R-025,Gym,2025-06-07T06:15,2025-06-07T10:15
B-01331,R-020,Gym,2025-06-07T07:00,2025-06-10T07:00
B-01332,R-039,Pool,2025-06-07T08:15,2025-06-07T10:15
B-01333,R-042,Pool,2025-06-07T08:15,2025-06-07T20:15
B-01334,R-096,Gym,2025-06-07T09:30,2025-06-10T09:30
B-01335,R-010,Gym,2025-06-07T11:45,2025-06-08T17:45
B-01336,R-098,Gym,2025-06-07T13:45,2025-06-07T21:45
B-01337,R-003,Gym,2025-06-07T16:00,2025-06-07T17:00
B-01338,R-050,Pool,2025-06-07T16:45,2025-06-07T18:45
B-01339,R-014,Clubhouse,2025-06-07T18:00,2025-06-07T20:00
B-01340,R-012,Pool,2025-06-08T00:30,2025-06-08T18:30
B-01341,R-029,Gym,2025-06-08T07:45,2025-06-11T07:45
B-01342,R-033,Badminton,2025-06-08T09:30,2025-06-08T10:30
B-01343,R-124,Gym,2025-06-08T10:00,2025-06-11T10:00
B-01344,R-010,Gym,2025-06-08T13:30,2025-06-09T19:30
B-01345,R-019,Badminton,2025-06-08T15:00,2025-06-08T19:00
B-01346,R-118,Badminton,2025-06-08T15:15,2025-06-08T17:15
B-01347,R-088,Gym,2025-06-08T16:30,2025-06-11T16:30
B-01348,R-020,Clubhouse,2025-06-08T17:00,2025-06-08T18:00
B-01349,R-046,Pool,2025-06-08T20:15,2025-06-12T20:15
B-01350,R-122,Gym,2025-06-08T21:45,2025-06-09T21:45
B-01351,R-062,Pool,2025-06-09T01:30,2025-06-09T19:30
B-01352,R-021,Gym,2025-06-09T04:00,2025-06-11T16:00
B-01353,R-086,Gym,2025-06-09T07:30,2025-06-12T07:30
B-01354,R-023,Gym,2025-06-09T14:00,2025-06-09T16:00
B-01355,R-025,Gym,2025-06-09T16:45,2025-06-10T10:45
B-01356,R-118,Badminton,2025-06-09T17:00,2025-06-10T17:00
B-01357,R-099,Pool,2025-06-09T18:00,2025-06-12T18:00
B-01358,R-005,Clubhouse,2025-06-09T21:15,2025-06-12T21:15
B-01359,R-006,Pool,2025-06-09T22:00,2025-06-10T06:00
B-01360,R-047,Clubhouse,2025-06-09T22:15,2025-06-10T06:15
B-01361,R-017,Gym,2025-06-10T01:00,2025-06-10T19:00
B-01362,R-017,Gym,2025-06-10T01:30,2025-06-10T19:30
B-01363,R-004,Clubhouse,2025-06-10T06:30,2025-06-10T10:30
B-01364,R-011,Gym,2025-06-10T08:00,2025-06-13T08:00
B-01365,R-004,Badminton,2025-06-10T09:15,2025-06-12T09:15
B-01366,R-079,Gym,2025-06-10T16:00,2025-06-10T18:00
B-01367,R-053,Gym,2025-06-10T16:00,2025-06-13T16:00
B-01368,R-133,Badminton,2025-06-11T08:45,2025-06-15T08:45
B-01369,R-027,Badminton,2025-06-11T13:00,2025-06-11T21:00
B-01370,R-125,Gym,2025-06-11T16:15,2025-06-13T16:15
B-01371,R-013,Gym,2025-06-11T18:45,2025-06-11T20:45
B-01372,R-005,Badminton,2025-06-11T21:45,2025-06-14T21:45
B-01373,R-005,Clubhouse,2025-06-11T21:45,2025-06-14T21:45
B-01374,R-028,Pool,2025-06-12T08:15,2025-06-14T20:15
B-01375,R-033,Badminton,2025-06-12T10:00,2025-06-15T10:00
B-01376,R-048,Multipurpose Hall,2025-06-12T10:30,2025-06-12T18:30
B-01377,R-049,Pool,2025-06-12T11:45,2025-06-12T19:45
B-01378,R-108,Pool,2025-06-12T17:30,2025-06-16T17:30
B-01379,R-012,Clubhouse,2025-06-12T18:00,2025-06-15T06:00
B-01380,R-024,Gym,2025-06-12T18:00,2025-06-15T18:00
B-01381,R-010,Gym,2025-06-12T18:15,2025-06-16T18:15
B-01382,R-042,Pool,2025-06-12T20:00,2025-06-14T20:00
B-01383,R-006,Pool,2025-06-12T22:30,2025-06-13T06:30
B-01384,R-027,Badminton,2025-06-12T23:30,2025-06-13T07:30
B-01385,R-022,Gym,2025-06-13T02:15,2025-06-13T20:15
B-01386,R-033,Badminton,2025-06-13T08:00,2025-06-13T20:00
B-01387,R-068,Badminton,2025-06-13T10:00,2025-06-17T10:00
B-01388,R-117,Gym,2025-06-13T16:45,2025-06-15T16:45
B-01389,R-097,Clubhouse,2025-06-13T17:45,2025-06-16T17:45
B-01390,R-019,Badminton,2025-06-13T19:00,2025-06-15T19:00
B-01391,R-077,Gym,2025-06-13T20:30,2025-06-15T20:30
B-01392,R-097,Clubhouse,2025-06-14T07:00,2025-06-15T07:00
B-01393,R-057,Pool,2025-06-14T09:30,2025-06-15T09:30
B-01394,R-101,Clubhouse,2025-06-14T12:00,2025-06-15T18:00
B-01395,R-023,Gym,2025-06-14T14:45,2025-06-14T16:45
B-01396,R-043,Pool,2025-06-14T16:00,2025-06-16T16:00
B-01397,R-026,Gym,2025-06-14T16:15,2025-06-14T18:15
B-01398,R-059,Multipurpose Hall,2025-06-14T17:00,2025-06-14T19:00
B-01399,R-002,Gym,2025-06-14T19:30,2025-06-17T19:30
B-01400,R-012,Clubhouse,2025-06-14T23:00,2025-06-15T17:00
B-01401,R-083,Gym,2025-06-15T00:15,2025-06-15T18:15
B-01402,R-040,Multipurpose Hall,2025-06-15T01:00,2025-06-15T09:00
B-01403,R-122,Pool,2025-06-15T02:15,2025-06-15T20:15
B-01404,R-003,Gym,2025-06-15T03:30,2025-06-16T09:30
B-01405,R-044,Gym,2025-06-15T09:00,2025-06-17T09:00
B-01406,R-008,Pool,2025-06-15T10:15,2025-06-15T18:15
B-01407,R-090,Gym,2025-06-15T17:30,2025-06-15T18:30
B-01408,R-024,Pool,2025-06-15T18:15,2025-06-18T18:15
B-01409,R-024,Pool,2025-06-15T18:30,2025-06-18T18:30
B-01410,R-069,Gym,2025-06-15T19:00,2025-06-17T19:00
B-01411,R-069,Gym,2025-06-15T19:00,2025-06-17T19:00
B-01412,R-111,Gym,2025-06-16T01:30,2025-06-16T19:30
B-01413,R-032,Gym,2025-06-16T07:00,2025-06-19T07:00
B-01414,R-114,Badminton,2025-06-16T13:15,2025-06-17T07:15
B-01415,R-139,Gym,2025-06-16T15:00,2025-06-17T09:00
B-01416,R-139,Gym,2025-06-16T15:15,2025-06-17T09:15
B-01417,R-023,Gym,2025-06-16T15:30,2025-06-16T16:30
B-01418,R-032,Gym,2025-06-17T07:15,2025-06-20T07:15
B-01419,R-011,Badminton,2025-06-17T08:45,2025-06-20T08:45
B-01420,R-139,Pool,2025-06-18T03:00,2025-06-18T21:00
B-01421,R-052,Gym,2025-06-18T07:30,2025-06-18T09:30
B-01422,R-080,Badminton,2025-06-18T08:00,2025-06-18T09:00
B-01423,R-021,Gym,2025-06-18T08:15,2025-06-18T16:15
B-01424,R-021,Gym,2025-06-18T08:15,2025-06-18T16:15
B-01425,R-115,Gym,2025-06-18T10:15,2025-06-19T16:15
B-01426,R-027,Badminton,2025-06-18T13:00,2025-06-18T21:00
B-01427,R-015,Multipurpose Hall,2025-06-18T16:45,2025-06-18T18:45
B-01428,R-044,Gym,2025-06-18T18:00,2025-06-20T18:00
B-01429,R-015,Multipurpose Hall,2025-06-18T18:30,2025-06-18T20:30
B-01430,R-014,Gym,2025-06-19T16:15,2025-06-19T18:15
B-01431,R-002,Gym,2025-06-19T20:00,2025-06-22T20:00
B-01432,R-042,Pool,2025-06-19T20:45,2025-06-21T20:45
B-01433,R-027,Badminton,2025-06-19T21:15,2025-06-20T21:15
B-01434,R-006,Pool,2025-06-19T22:00,2025-06-20T06:00
B-01435,R-006,Pool,2025-06-19T22:15,2025-06-20T06:15
B-01436,R-068,Pool,2025-06-20T03:00,2025-06-21T09:00
B-01437,R-077,Gym,2025-06-20T06:15,2025-06-22T18:15
B-01438,R-100,Badminton,2025-06-20T06:30,2025-06-22T18:30
B-01439,R-119,Badminton,2025-06-20T06:45,2025-06-23T06:45
B-01440,R-055,Gym,2025-06-20T08:00,2025-06-20T09:00
B-01441,R-047,Clubhouse,2025-06-20T10:00,2025-06-24T10:00
B-01442,R-090,Gym,2025-06-20T15:15,2025-06-21T09:15
B-01443,R-026,Gym,2025-06-20T16:00,2025-06-20T18:00
B-01444,R-005,Clubhouse,2025-06-20T21:15,2025-06-23T21:15
B-01445,R-048,Multipurpose Hall,2025-06-21T01:45,2025-06-21T09:45
B-01446,R-066,Pool,2025-06-21T02:45,2025-06-22T08:45
B-01447,R-014,Pool,2025-06-21T04:30,2025-06-21T16:30
B-01448,R-037,Clubhouse,2025-06-21T06:00,2025-06-23T06:00
B-01449,R-007,Gym,2025-06-21T08:15,2025-06-24T08:15
B-01450,R-140,Clubhouse,2025-06-21T12:00,2025-06-21T16:00
B-01451,R-115,Badminton,2025-06-21T12:15,2025-06-22T18:15
B-01452,R-014,Clubhouse,2025-06-21T14:30,2025-06-21T16:30
B-01453,R-026,Gym,2025-06-21T16:00,2025-06-21T18:00
B-01454,R-039,Pool,2025-06-21T16:00,2025-06-21T18:00
B-01455,R-001,Gym,2025-06-21T16:00,2025-06-22T10:00
B-01456,R-043,Gym,2025-06-21T16:00,2025-06-23T16:00
B-01457,R-095,Gym,2025-06-21T16:00,2025-06-24T16:00
B-01458,R-001,Pool,2025-06-21T16:45,2025-06-22T10:45
B-01459,R-059,Multipurpose Hall,2025-06-21T17:00,2025-06-21T19:00
B-01460,R-015,Multipurpose Hall,2025-06-21T18:00,2025-06-21T20:00
B-01461,R-013,Clubhouse,2025-06-21T18:30,2025-06-22T18:30
B-01462,R-015,Clubhouse,2025-06-21T20:00,2025-06-25T20:00
B-01463,R-067,Gym,2025-06-21T20:15,2025-06-24T20:15
B-01464,R-074,Pool,2025-06-21T22:30,2025-06-22T10:30
B-01465,R-003,Gym,2025-06-22T03:15,2025-06-23T09:15
B-01466,R-009,Badminton,2025-06-22T05:30,2025-06-22T07:30
B-01467,R-002,Gym,2025-06-22T05:45,2025-06-22T06:45
B-01468,R-016,Clubhouse,2025-06-22T07:15,2025-06-24T07:15
B-01469,R-052,Gym,2025-06-22T07:30,2025-06-22T09:30
B-01470,R-055,Multipurpose Hall,2025-06-22T07:45,2025-06-22T09:45
B-01471,R-008,Pool,2025-06-22T13:30,2025-06-22T21:30
B-01472,R-001,Pool,2025-06-22T16:30,2025-06-22T20:30
B-01473,R-013,Gym,2025-06-22T18:45,2025-06-22T20:45
B-01474,R-069,Gym,2025-06-22T19:00,2025-06-24T19:00
B-01475,R-134,Badminton,2025-06-22T19:30,2025-06-26T19:30
B-01476,R-018,Gym,2025-06-22T22:15,2025-06-23T10:15
B-01477,R-051,Gym,2025-06-23T00:15,2025-06-24T06:15
B-01478,R-018,Gym,2025-06-23T02:30,2025-06-23T10:30
B-01479,R-071,Gym,2025-06-23T06:00,2025-06-23T18:00
B-01480,R-085,Gym,2025-06-23T08:30,2025-06-25T08:30
B-01481,R-098,Gym,2025-06-23T11:30,2025-06-23T19:30
B-01482,R-025,Gym,2025-06-23T16:00,2025-06-24T10:00
B-01483,R-026,Gym,2025-06-23T16:15,2025-06-23T18:15
B-01484,R-007,Clubhouse,2025-06-23T20:15,2025-06-24T20:15
B-01485,R-020,Clubhouse,2025-06-23T22:45,2025-06-26T10:45
B-01486,R-111,Badminton,2025-06-24T01:00,2025-06-24T19:00
B-01487,R-004,Clubhouse,2025-06-24T08:15,2025-06-26T08:15
B-01488,R-004,Clubhouse,2025-06-24T10:00,2025-06-26T10:00
B-01489,R-004,Badminton,2025-06-24T10:00,2025-06-26T10:00
B-01490,R-082,Gym,2025-06-24T13:00,2025-06-25T07:00
B-01491,R-010,Gym,2025-06-25T00:00,2025-06-26T06:00
B-01492,R-070,Gym,2025-06-25T06:00,2025-06-25T07:00
B-01493,R-063,Gym,2025-06-25T06:45,2025-06-28T06:45
B-01494,R-021,Gym,2025-06-25T08:00,2025-06-25T16:00
B-01495,R-044,Gym,2025-06-25T09:00,2025-06-27T09:00
B-01496,R-013,Gym,2025-06-25T19:30,2025-06-25T20:30
B-01497,R-029,Gym,2025-06-25T21:00,2025-06-28T21:00
B-01498,R-005,Clubhouse,2025-06-25T21:30,2025-06-28T21:30
B-01499,R-059,Badminton,2025-06-26T05:30,2025-06-26T07:30
B-01500,R-029,Gym,2025-06-26T06:00,2025-06-26T10:00
B-01501,R-032,Gym,2025-06-26T06:45,2025-06-26T07:45
B-01502,R-042,Pool,2025-06-26T06:45,2025-06-28T06:45
B-01503,R-002,Gym,2025-06-26T08:30,2025-06-29T08:30
B-01504,R-018,Badminton,2025-06-26T10:45,2025-06-30T10:45
B-01505,R-018,Gym,2025-06-26T13:00,2025-06-26T21:00
B-01506,R-060,Gym,2025-06-26T16:00,2025-06-27T10:00
B-01507,R-002,Gym,2025-06-26T19:00,2025-06-29T19:00
B-01508,R-133,Badminton,2025-06-26T20:45,2025-06-29T08:45
B-01509,R-057,Pool,2025-06-26T21:30,2025-06-29T09:30
B-01510,R-022,Gym,2025-06-27T02:00,2025-06-27T20:00
B-01511,R-055,Multipurpose Hall,2025-06-27T07:30,2025-06-27T09:30
B-01512,R-076,Gym,2025-06-27T17:00,2025-07-01T17:00
B-01513,R-116,Pool,2025-06-27T18:00,2025-06-29T18:00
B-01514,R-054,Badminton,2025-06-27T18:15,2025-06-30T18:15
B-01515,R-022,Gym,2025-06-27T18:45,2025-06-27T19:45
B-01516,R-007,Clubhouse,2025-06-27T18:45,2025-07-01T18:45
B-01517,R-056,Badminton,2025-06-28T00:45,2025-06-29T06:45
B-01518,R-003,Gym,2025-06-28T01:00,2025-06-29T07:00
B-01519,R-035,Gym,2025-06-28T01:30,2025-06-28T09:30
B-01520,R-090,Pool,2025-06-28T05:45,2025-06-28T09:45
B-01521,R-039,Pool,2025-06-28T06:45,2025-06-28T08:45
B-01522,R-075,Gym,2025-06-28T08:30,2025-07-01T08:30
B-01523,R-020,Pool,2025-06-28T10:00,2025-07-01T10:00
B-01524,R-010,Pool,2025-06-28T12:30,2025-06-29T18:30
B-01525,R-102,Gym,2025-06-28T15:00,2025-06-29T09:00
B-01526,R-102,Gym,2025-06-28T15:45,2025-06-29T09:45
B-01527,R-001,Gym,2025-06-28T16:15,2025-06-29T10:15
B-01528,R-014,Clubhouse,2025-06-28T17:00,2025-06-28T19:00
B-01529,R-014,Clubhouse,2025-06-28T18:00,2025-06-28T20:00
B-01530,R-040,Multipurpose Hall,2025-06-28T21:00,2025-06-29T09:00
B-01531,R-012,Clubhouse,2025-06-29T01:30,2025-06-29T19:30
B-01532,R-001,Pool,2025-06-29T02:00,2025-06-29T20:00
B-01533,R-087,Badminton,2025-06-29T05:15,2025-06-29T17:15
B-01534,R-001,Pool,2025-06-29T06:45,2025-06-29T10:45
B-01535,R-016,Clubhouse,2025-06-29T07:15,2025-07-01T07:15
B-01536,R-140,Clubhouse,2025-06-29T09:15,2025-06-30T09:15
B-01537,R-069,Pool,2025-06-29T09:45,2025-07-01T09:45
B-01538,R-008,Pool,2025-06-29T13:15,2025-06-29T21:15
B-01539,R-010,Gym,2025-06-29T13:15,2025-06-30T19:15
B-01540,R-008,Gym,2025-06-29T14:15,2025-06-29T18:15
B-01541,R-003,Gym,2025-06-29T14:45,2025-06-30T20:45
B-01542,R-087,Badminton,2025-06-30T02:30,2025-06-30T10:30
B-01543,R-003,Gym,2025-06-30T03:00,2025-07-01T09:00
B-01544,R-078,Badminton,2025-06-30T04:45,2025-07-02T16:45
B-01545,R-018,Gym,2025-06-30T12:45,2025-06-30T20:45
B-01546,R-085,Gym,2025-06-30T20:00,2025-07-02T20:00
B-01547,R-085,Gym,2025-06-30T20:00,2025-07-02T20:00
B-01548,R-078,Badminton,2025-07-01T00:00,2025-07-02T06:00
B-01549,R-067,Gym,2025-07-01T07:45,2025-07-01T19:45
B-01550,R-011,Badminton,2025-07-01T08:15,2025-07-04T08:15
B-01551,R-063,Clubhouse,2025-07-01T09:00,2025-07-05T09:00
B-01552,R-024,Pool,2025-07-01T18:15,2025-07-04T18:15
B-01553,R-015,Multipurpose Hall,2025-07-01T20:30,2025-07-02T20:30
B-01554,R-021,Gym,2025-07-02T11:00,2025-07-02T19:00
B-01555,R-112,Pool,2025-07-02T12:30,2025-07-03T06:30
B-01556,R-015,Multipurpose Hall,2025-07-02T18:30,2025-07-02T20:30
B-01557,R-009,Gym,2025-07-02T19:00,2025-07-02T21:00
B-01558,R-005,Clubhouse,2025-07-02T21:00,2025-07-05T21:00
B-01559,R-005,Pool,2025-07-02T21:30,2025-07-05T21:30
B-01560,R-004,Clubhouse,2025-07-03T06:45,2025-07-03T10:45
B-01561,R-104,Gym,2025-07-03T06:45,2025-07-06T06:45
B-01562,R-052,Gym,2025-07-03T07:30,2025-07-03T09:30
B-01563,R-002,Gym,2025-07-03T08:15,2025-07-06T08:15
B-01564,R-121,Pool,2025-07-03T09:00,2025-07-05T09:00
B-01565,R-057,Pool,2025-07-03T09:15,2025-07-06T09:15
B-01566,R-086,Badminton,2025-07-03T12:30,2025-07-03T16:30
B-01567,R-027,Badminton,2025-07-03T13:00,2025-07-03T21:00
B-01568,R-101,Gym,2025-07-03T15:30,2025-07-04T21:30
B-01569,R-134,Gym,2025-07-03T18:15,2025-07-06T18:15
B-01570,R-002,Gym,2025-07-03T19:00,2025-07-06T19:00
B-01571,R-029,Gym,2025-07-03T19:45,2025-07-06T19:45
B-01572,R-044,Multipurpose Hall,2025-07-03T21:00,2025-07-06T09:00
B-01573,R-121,Pool,2025-07-04T09:30,2025-07-06T09:30
B-01574,R-025,Gym,2025-07-04T16:00,2025-07-05T10:00
B-01575,R-074,Gym,2025-07-05T04:00,2025-07-06T10:00
B-01576,R-014,Badminton,2025-07-05T05:45,2025-07-05T07:45
B-01577,R-119,Badminton,2025-07-05T06:30,2025-07-08T06:30
B-01578,R-007,Clubhouse,2025-07-05T08:00,2025-07-08T08:00
B-01579,R-038,Gym,2025-07-05T09:15,2025-07-07T09:15
B-01580,R-028,Gym,2025-07-05T12:30,2025-07-06T18:30
B-01581,R-048,Multipurpose Hall,2025-07-05T13:15,2025-07-05T21:15
B-01582,R-001,Pool,2025-07-05T16:30,2025-07-06T10:30
B-01583,R-001,Pool,2025-07-05T16:30,2025-07-06T10:30
B-01584,R-020,Pool,2025-07-05T19:00,2025-07-08T19:00
B-01585,R-122,Gym,2025-07-06T00:15,2025-07-06T18:15
B-01586,R-083,Gym,2025-07-06T01:00,2025-07-06T19:00
B-01587,R-111,Badminton,2025-07-06T01:00,2025-07-06T19:00
B-01588,R-068,Pool,2025-07-06T03:15,2025-07-07T09:15
B-01589,R-022,Multipurpose Hall,2025-07-06T06:00,2025-07-06T07:00
B-01590,R-116,Gym,2025-07-06T06:45,2025-07-08T06:45
B-01591,R-030,Pool,2025-07-06T07:00,2025-07-08T07:00
B-01592,R-016,Clubhouse,2025-07-06T07:15,2025-07-08T07:15
B-01593,R-012,Clubhouse,2025-07-06T07:45,2025-07-06T19:45
B-01594,R-016,Clubhouse,2025-07-06T08:15,2025-07-08T08:15
B-01595,R-049,Badminton,2025-07-06T10:45,2025-07-06T18:45
B-01596,R-087,Gym,2025-07-06T12:45,2025-07-06T20:45
B-01597,R-112,Pool,2025-07-06T12:45,2025-07-07T06:45
B-01598,R-010,Gym,2025-07-06T13:30,2025-07-07T19:30
B-01599,R-069,Gym,2025-07-06T19:00,2025-07-08T19:00
B-01600,R-072,Badminton,2025-07-06T21:00,2025-07-08T21:00
B-01601,R-053,Gym,2025-07-06T21:00,2025-07-09T21:00
B-01602,R-072,Badminton,2025-07-06T21:15,2025-07-08T21:15
B-01603,R-025,Gym,2025-07-06T22:45,2025-07-09T10:45
B-01604,R-062,Pool,2025-07-07T01:00,2025-07-07T19:00
B-01605,R-062,Multipurpose Hall,2025-07-07T01:15,2025-07-07T19:15
B-01606,R-018,Gym,2025-07-07T02:30,2025-07-07T10:30
B-01607,R-009,Gym,2025-07-07T05:15,2025-07-07T07:15
B-01608,R-032,Gym,2025-07-07T08:30,2025-07-10T08:30
B-01609,R-126,Gym,2025-07-07T15:15,2025-07-07T17:15
B-01610,R-045,Gym,2025-07-07T15:30,2025-07-08T09:30
B-01611,R-084,Gym,2025-07-07T16:00,2025-07-08T10:00
B-01612,R-015,Multipurpose Hall,2025-07-07T18:00,2025-07-07T20:00
B-01613,R-099,Multipurpose Hall,2025-07-07T18:00,2025-07-10T18:00
B-01614,R-017,Gym,2025-07-08T01:45,2025-07-08T19:45
B-01615,R-068,Gym,2025-07-08T03:30,2025-07-09T09:30
B-01616,R-012,Badminton,2025-07-08T06:00,2025-07-09T06:00
B-01617,R-004,Clubhouse,2025-07-08T10:30,2025-07-10T10:30
B-01618,R-053,Gym,2025-07-08T21:15,2025-07-11T21:15
B-01619,R-112,Pool,2025-07-08T22:30,2025-07-09T16:30
B-01620,R-031,Gym,2025-07-09T04:00,2025-07-09T06:00
B-01621,R-031,Pool,2025-07-09T06:00,2025-07-09T08:00
B-01622,R-052,Gym,2025-07-09T07:45,2025-07-09T09:45
B-01623,R-031,Gym,2025-07-09T14:45,2025-07-09T16:45
B-01624,R-005,Gym,2025-07-09T17:15,2025-07-12T17:15
B-01625,R-013,Gym,2025-07-09T18:00,2025-07-09T20:00
B-01626,R-013,Gym,2025-07-09T18:00,2025-07-09T20:00
B-01627,R-015,Multipurpose Hall,2025-07-09T18:00,2025-07-09T20:00
B-01628,R-015,Gym,2025-07-09T18:30,2025-07-09T20:30
B-01629,R-015,Multipurpose Hall,2025-07-09T18:45,2025-07-09T20:45
B-01630,R-019,Badminton,2025-07-09T19:00,2025-07-13T19:00
B-01631,R-046,Pool,2025-07-10T14:15,2025-07-10T16:15
B-01632,R-032,Gym,2025-07-10T18:15,2025-07-13T18:15
B-01633,R-006,Pool,2025-07-10T22:15,2025-07-11T06:15
B-01634,R-055,Multipurpose Hall,2025-07-11T07:30,2025-07-11T09:30
B-01635,R-092,Gym,2025-07-11T15:15,2025-07-12T21:15
B-01636,R-088,Gym,2025-07-11T16:45,2025-07-14T16:45
B-01637,R-055,Multipurpose Hall,2025-07-11T17:00,2025-07-11T19:00
B-01638,R-013,Gym,2025-07-11T18:45,2025-07-11T20:45
B-01639,R-019,Badminton,2025-07-11T19:45,2025-07-13T19:45
B-01640,R-019,Badminton,2025-07-11T20:00,2025-07-13T20:00
B-01641,R-103,Gym,2025-07-12T02:00,2025-07-13T08:00
B-01642,R-007,Clubhouse,2025-07-12T08:00,2025-07-15T08:00
B-01643,R-026,Gym,2025-07-12T08:15,2025-07-12T10:15
B-01644,R-007,Clubhouse,2025-07-12T08:45,2025-07-15T08:45
B-01645,R-022,Gym,2025-07-12T12:30,2025-07-13T06:30
B-01646,R-014,Badminton,2025-07-12T14:00,2025-07-12T16:00
B-01647,R-001,Pool,2025-07-12T14:00,2025-07-13T08:00
B-01648,R-041,Pool,2025-07-12T15:30,2025-07-13T09:30
B-01649,R-001,Pool,2025-07-12T16:15,2025-07-13T10:15
B-01650,R-001,Multipurpose Hall,2025-07-12T16:15,2025-07-13T10:15
B-01651,R-001,Clubhouse,2025-07-12T16:15,2025-07-13T10:15
B-01652,R-001,Pool,2025-07-12T16:30,2025-07-13T10:30
B-01653,R-043,Pool,2025-07-12T16:30,2025-07-14T16:30
B-01654,R-043,Pool,2025-07-12T16:30,2025-07-14T16:30
B-01655,R-012,Clubhouse,2025-07-13T01:30,2025-07-13T19:30
B-01656,R-057,Gym,2025-07-13T05:45,2025-07-13T09:45
B-01657,R-030,Gym,2025-07-13T06:00,2025-07-15T06:00
B-01658,R-030,Gym,2025-07-13T06:30,2025-07-15T06:30
B-01659,R-011,Badminton,2025-07-13T08:15,2025-07-16T08:15
B-01660,R-016,Clubhouse,2025-07-13T09:00,2025-07-15T09:00
B-01661,R-040,Gym,2025-07-13T10:00,2025-07-13T18:00
B-01662,R-010,Gym,2025-07-13T12:00,2025-07-14T18:00
B-01663,R-010,Gym,2025-07-13T13:00,2025-07-14T19:00
B-01664,R-008,Pool,2025-07-13T13:15,2025-07-13T21:15
B-01665,R-008,Gym,2025-07-13T13:45,2025-07-13T21:45
B-01666,R-079,Gym,2025-07-13T16:45,2025-07-13T18:45
B-01667,R-082,Pool,2025-07-13T19:00,2025-07-16T07:00
B-01668,R-069,Gym,2025-07-13T19:30,2025-07-15T19:30
B-01669,R-002,Gym,2025-07-13T19:45,2025-07-14T19:45
B-01670,R-103,Multipurpose Hall,2025-07-14T02:45,2025-07-15T08:45
B-01671,R-122,Clubhouse,2025-07-14T03:15,2025-07-14T21:15
B-01672,R-011,Badminton,2025-07-14T08:00,2025-07-17T08:00
B-01673,R-017,Gym,2025-07-14T12:15,2025-07-15T06:15
B-01674,R-009,Gym,2025-07-14T19:00,2025-07-14T21:00
B-01675,R-078,Badminton,2025-07-15T03:30,2025-07-16T09:30
B-01676,R-130,Pool,2025-07-15T07:30,2025-07-18T07:30
B-01677,R-110,Gym,2025-07-15T08:00,2025-07-17T20:00
B-01678,R-038,Gym,2025-07-15T09:00,2025-07-17T09:00
B-01679,R-004,Clubhouse,2025-07-15T10:00,2025-07-17T10:00
B-01680,R-093,Pool,2025-07-15T10:15,2025-07-18T10:15
B-01681,R-065,Gym,2025-07-15T11:45,2025-07-15T19:45
B-01682,R-064,Gym,2025-07-16T02:45,2025-07-16T20:45
B-01683,R-063,Gym,2025-07-16T09:45,2025-07-19T09:45
B-01684,R-005,Clubhouse,2025-07-16T21:30,2025-07-19T21:30
B-01685,R-034,Pool,2025-07-17T06:45,2025-07-17T07:45
B-01686,R-057,Pool,2025-07-17T09:45,2025-07-20T09:45
B-01687,R-022,Pool,2025-07-18T02:15,2025-07-18T20:15
B-01688,R-119,Badminton,2025-07-18T06:00,2025-07-21T06:00
B-01689,R-067,Pool,2025-07-18T07:00,2025-07-21T07:00
B-01690,R-133,Badminton,2025-07-18T08:00,2025-07-20T08:00
B-01691,R-033,Badminton,2025-07-18T10:00,2025-07-21T10:00
B-01692,R-004,Clubhouse,2025-07-18T10:15,2025-07-20T10:15
B-01693,R-027,Badminton,2025-07-18T13:00,2025-07-18T21:00
B-01694,R-027,Multipurpose Hall,2025-07-18T13:15,2025-07-18T21:15
B-01695,R-014,Clubhouse,2025-07-18T22:15,2025-07-19T10:15
B-01696,R-040,Multipurpose Hall,2025-07-19T01:30,2025-07-19T09:30
B-01697,R-035,Multipurpose Hall,2025-07-19T08:00,2025-07-19T09:00
B-01698,R-124,Gym,2025-07-19T10:00,2025-07-22T10:00
B-01699,R-005,Clubhouse,2025-07-19T13:15,2025-07-19T17:15
B-01700,R-001,Pool,2025-07-19T15:15,2025-07-20T09:15
B-01701,R-128,Badminton,2025-07-19T16:00,2025-07-19T18:00
B-01702,R-039,Pool,2025-07-19T16:00,2025-07-19T20:00
B-01703,R-001,Pool,2025-07-19T16:15,2025-07-20T10:15
B-01704,R-043,Pool,2025-07-19T16:30,2025-07-21T16:30
B-01705,R-059,Multipurpose Hall,2025-07-19T17:30,2025-07-19T19:30
B-01706,R-002,Gym,2025-07-19T19:00,2025-07-20T19:00
B-01707,R-012,Clubhouse,2025-07-19T19:15,2025-07-20T19:15
B-01708,R-003,Gym,2025-07-19T19:15,2025-07-22T07:15
B-01709,R-043,Pool,2025-07-19T20:00,2025-07-21T20:00
B-01710,R-020,Pool,2025-07-19T22:45,2025-07-22T10:45
B-01711,R-022,Gym,2025-07-20T00:30,2025-07-20T18:30
B-01712,R-112,Multipurpose Hall,2025-07-20T00:45,2025-07-20T18:45
B-01713,R-070,Gym,2025-07-20T01:00,2025-07-21T07:00
B-01714,R-026,Pool,2025-07-20T04:30,2025-07-20T06:30
B-01715,R-048,Pool,2025-07-20T15:45,2025-07-20T16:45
B-01716,R-046,Pool,2025-07-20T16:00,2025-07-20T18:00
B-01717,R-091,Pool,2025-07-20T16:00,2025-07-20T20:00
B-01718,R-050,Pool,2025-07-20T18:45,2025-07-24T18:45
B-01719,R-016,Clubhouse,2025-07-20T19:30,2025-07-22T19:30
B-01720,R-114,Badminton,2025-07-20T23:15,2025-07-21T17:15
B-01721,R-018,Gym,2025-07-21T02:30,2025-07-21T10:30
B-01722,R-021,Gym,2025-07-21T04:00,2025-07-23T16:00
B-01723,R-064,Badminton,2025-07-21T04:00,2025-07-23T16:00
B-01724,R-032,Gym,2025-07-21T07:30,2025-07-24T07:30
B-01725,R-009,Badminton,2025-07-21T08:45,2025-07-21T10:45
B-01726,R-023,Gym,2025-07-21T14:30,2025-07-21T16:30
B-01727,R-139,Pool,2025-07-21T15:30,2025-07-22T09:30
B-01728,R-084,Gym,2025-07-21T16:00,2025-07-22T10:00
B-01729,R-017,Gym,2025-07-22T01:45,2025-07-22T19:45
B-01730,R-078,Badminton,2025-07-22T03:00,2025-07-23T09:00
B-01731,R-050,Pool,2025-07-22T06:30,2025-07-24T18:30
B-01732,R-130,Pool,2025-07-22T07:30,2025-07-25T07:30
B-01733,R-038,Gym,2025-07-22T09:00,2025-07-24T09:00
B-01734,R-078,Badminton,2025-07-22T09:15,2025-07-23T09:15
B-01735,R-116,Gym,2025-07-22T13:00,2025-07-22T17:00
B-01736,R-089,Pool,2025-07-22T13:15,2025-07-23T07:15
B-01737,R-033,Badminton,2025-07-22T21:15,2025-07-25T09:15
B-01738,R-047,Pool,2025-07-22T22:00,2025-07-23T06:00
B-01739,R-094,Gym,2025-07-23T02:00,2025-07-24T08:00
B-01740,R-078,Badminton,2025-07-23T04:00,2025-07-23T08:00
B-01741,R-013,Gym,2025-07-23T05:30,2025-07-23T07:30
B-01742,R-052,Gym,2025-07-23T07:15,2025-07-23T09:15
B-01743,R-052,Gym,2025-07-23T08:00,2025-07-23T09:00
B-01744,R-022,Gym,2025-07-23T08:00,2025-07-25T20:00
B-01745,R-010,Gym,2025-07-23T13:00,2025-07-24T19:00
B-01746,R-005,Clubhouse,2025-07-23T17:30,2025-07-26T17:30
B-01747,R-044,Gym,2025-07-23T18:15,2025-07-25T18:15
B-01748,R-005,Clubhouse,2025-07-23T21:30,2025-07-26T21:30
B-01749,R-033,Badminton,2025-07-24T10:30,2025-07-27T10:30
B-01750,R-014,Clubhouse,2025-07-24T14:45,2025-07-24T16:45
B-01751,R-088,Badminton,2025-07-24T18:00,2025-07-27T18:00
B-01752,R-002,Gym,2025-07-24T19:15,2025-07-27T19:15
B-01753,R-027,Badminton,2025-07-24T21:45,2025-07-25T21:45
B-01754,R-006,Pool,2025-07-24T23:45,2025-07-25T07:45
B-01755,R-073,Gym,2025-07-25T07:15,2025-07-25T19:15
B-01756,R-131,Clubhouse,2025-07-25T13:30,2025-07-25T21:30
B-01757,R-099,Multipurpose Hall,2025-07-25T14:30,2025-07-25T18:30
B-01758,R-097,Clubhouse,2025-07-25T16:00,2025-07-28T16:00
B-01759,R-019,Badminton,2025-07-25T19:00,2025-07-27T19:00
B-01760,R-090,Badminton,2025-07-26T00:15,2025-07-26T18:15
B-01761,R-067,Gym,2025-07-26T07:00,2025-07-29T07:00
B-01762,R-096,Clubhouse,2025-07-26T09:00,2025-07-29T09:00
B-01763,R-041,Pool,2025-07-26T09:15,2025-07-30T09:15
B-01764,R-108,Multipurpose Hall,2025-07-26T10:00,2025-07-28T10:00
B-01765,R-020,Pool,2025-07-26T10:00,2025-07-29T10:00
B-01766,R-020,Pool,2025-07-26T10:00,2025-07-29T10:00
B-01767,R-014,Clubhouse,2025-07-26T14:00,2025-07-26T16:00
B-01768,R-061,Pool,2025-07-26T14:45,2025-07-27T20:45
B-01769,R-017,Gym,2025-07-26T16:00,2025-07-27T10:00
B-01770,R-026,Gym,2025-07-26T16:15,2025-07-26T18:15
B-01771,R-043,Pool,2025-07-26T16:15,2025-07-28T16:15
B-01772,R-095,Gym,2025-07-26T16:30,2025-07-29T16:30
B-01773,R-024,Pool,2025-07-26T18:30,2025-07-29T18:30
B-01774,R-137,Pool,2025-07-27T03:00,2025-07-27T21:00
B-01775,R-010,Multipurpose Hall,2025-07-27T03:15,2025-07-28T09:15
B-01776,R-003,Gym,2025-07-27T03:45,2025-07-28T09:45
B-01777,R-059,Multipurpose Hall,2025-07-27T05:15,2025-07-27T07:15
B-01778,R-016,Clubhouse,2025-07-27T07:45,2025-07-29T07:45
B-01779,R-029,Gym,2025-07-27T08:00,2025-07-30T08:00
B-01780,R-076,Gym,2025-07-27T09:00,2025-07-29T09:00
B-01781,R-001,Multipurpose Hall,2025-07-27T09:30,2025-07-27T10:30
B-01782,R-001,Pool,2025-07-27T09:45,2025-07-27T10:45
B-01783,R-008,Pool,2025-07-27T13:15,2025-07-27T21:15
B-01784,R-054,Gym,2025-07-27T18:00,2025-07-30T18:00
B-01785,R-103,Multipurpose Hall,2025-07-28T01:30,2025-07-29T07:30
B-01786,R-132,Badminton,2025-07-28T03:00,2025-07-28T21:00
B-01787,R-003,Gym,2025-07-28T06:00,2025-07-28T18:00
B-01788,R-025,Gym,2025-07-28T10:30,2025-07-29T10:30
B-01789,R-045,Gym,2025-07-28T15:00,2025-07-29T09:00
B-01790,R-025,Gym,2025-07-28T16:45,2025-07-29T10:45
B-01791,R-124,Gym,2025-07-28T18:00,2025-07-31T18:00
B-01792,R-086,Gym,2025-07-28T21:30,2025-07-31T21:30
B-01793,R-124,Gym,2025-07-28T22:45,2025-07-29T10:45
B-01794,R-017,Gym,2025-07-29T01:00,2025-07-29T19:00
B-01795,R-045,Gym,2025-07-29T01:00,2025-07-29T19:00
B-01796,R-034,Badminton,2025-07-29T08:00,2025-07-31T20:00
B-01797,R-109,Badminton,2025-07-29T10:00,2025-08-01T10:00
B-01798,R-015,Multipurpose Hall,2025-07-29T18:45,2025-07-29T20:45
B-01799,R-036,Pool,2025-07-29T22:45,2025-07-30T06:45
B-01800,R-032,Gym,2025-07-30T07:30,2025-07-31T07:30
B-01801,R-036,Pool,2025-07-30T12:00,2025-07-30T20:00
B-01802,R-012,Clubhouse,2025-07-30T13:30,2025-07-31T07:30
B-01803,R-060,Gym,2025-07-30T16:45,2025-07-31T10:45
B-01804,R-020,Pool,2025-07-30T18:30,2025-08-02T18:30
B-01805,R-012,Clubhouse,2025-07-31T01:00,2025-07-31T19:00
B-01806,R-062,Pool,2025-07-31T02:45,2025-07-31T20:45
B-01807,R-050,Pool,2025-07-31T05:15,2025-07-31T07:15
B-01808,R-034,Badminton,2025-07-31T07:15,2025-08-02T07:15
B-01809,R-002,Gym,2025-07-31T08:15,2025-08-03T08:15
B-01810,R-049,Pool,2025-07-31T11:00,2025-07-31T19:00
B-01811,R-049,Pool,2025-07-31T11:00,2025-07-31T19:00
B-01812,R-024,Badminton,2025-07-31T18:00,2025-08-03T18:00
B-01813,R-011,Gym,2025-07-31T18:45,2025-08-03T18:45
B-01814,R-005,Pool,2025-07-31T21:30,2025-08-03T21:30
B-01815,R-006,Pool,2025-07-31T22:15,2025-08-01T06:15
B-01816,R-022,Gym,2025-08-01T02:15,2025-08-01T20:15
B-01817,R-068,Gym,2025-08-01T03:00,2025-08-02T09:00
B-01818,R-097,Badminton,2025-08-01T06:00,2025-08-03T18:00
B-01819,R-012,Clubhouse,2025-08-01T07:00,2025-08-03T19:00
B-01820,R-027,Gym,2025-08-01T09:30,2025-08-01T21:30
B-01821,R-092,Gym,2025-08-01T15:15,2025-08-02T21:15
B-01822,R-075,Gym,2025-08-01T19:00,2025-08-05T19:00
B-01823,R-002,Gym,2025-08-01T21:00,2025-08-04T21:00
B-01824,R-074,Pool,2025-08-02T04:30,2025-08-03T10:30
B-01825,R-002,Gym,2025-08-02T05:30,2025-08-02T17:30
B-01826,R-075,Gym,2025-08-02T08:00,2025-08-05T08:00
B-01827,R-033,Badminton,2025-08-02T10:30,2025-08-03T10:30
B-01828,R-098,Gym,2025-08-02T11:30,2025-08-02T19:30
B-01829,R-041,Pool,2025-08-02T15:00,2025-08-03T09:00
B-01830,R-039,Pool,2025-08-02T16:45,2025-08-02T18:45
B-01831,R-128,Badminton,2025-08-02T16:45,2025-08-02T18:45
B-01832,R-059,Multipurpose Hall,2025-08-02T17:30,2025-08-02T19:30
B-01833,R-012,Clubhouse,2025-08-02T19:15,2025-08-03T19:15
B-01834,R-006,Pool,2025-08-02T22:15,2025-08-03T06:15
B-01835,R-020,Pool,2025-08-02T22:15,2025-08-05T10:15
B-01836,R-137,Pool,2025-08-03T03:30,2025-08-03T21:30
B-01837,R-052,Multipurpose Hall,2025-08-03T04:30,2025-08-03T16:30
B-01838,R-029,Gym,2025-08-03T07:00,2025-08-06T07:00
B-01839,R-086,Badminton,2025-08-03T07:00,2025-08-07T07:00
B-01840,R-040,Multipurpose Hall,2025-08-03T08:00,2025-08-03T16:00
B-01841,R-044,Gym,2025-08-03T09:00,2025-08-05T09:00
B-01842,R-008,Pool,2025-08-03T12:00,2025-08-03T20:00
B-01843,R-078,Pool,2025-08-03T12:30,2025-08-04T18:30
B-01844,R-008,Pool,2025-08-03T13:00,2025-08-03T21:00
B-01845,R-015,Pool,2025-08-03T15:30,2025-08-03T17:30
B-01846,R-039,Pool,2025-08-03T16:00,2025-08-03T18:00
B-01847,R-043,Pool,2025-08-03T16:15,2025-08-07T16:15
B-01848,R-030,Gym,2025-08-03T17:30,2025-08-05T17:30
B-01849,R-024,Pool,2025-08-03T18:00,2025-08-06T18:00
B-01850,R-057,Clubhouse,2025-08-03T18:15,2025-08-06T18:15
B-01851,R-006,Pool,2025-08-03T22:30,2025-08-04T06:30
B-01852,R-084,Gym,2025-08-03T22:45,2025-08-04T16:45
B-01853,R-056,Badminton,2025-08-04T00:00,2025-08-05T06:00
B-01854,R-119,Badminton,2025-08-04T02:00,2025-08-04T06:00
B-01855,R-078,Badminton,2025-08-04T03:30,2025-08-05T09:30
B-01856,R-018,Clubhouse,2025-08-04T09:15,2025-08-04T10:15
B-01857,R-018,Gym,2025-08-04T12:45,2025-08-04T20:45
B-01858,R-100,Gym,2025-08-04T14:30,2025-08-05T20:30
B-01859,R-032,Gym,2025-08-04T16:00,2025-08-07T16:00
B-01860,R-037,Clubhouse,2025-08-04T18:00,2025-08-05T18:00
B-01861,R-016,Clubhouse,2025-08-04T19:30,2025-08-05T07:30
B-01862,R-009,Badminton,2025-08-04T19:45,2025-08-04T21:45
B-01863,R-009,Gym,2025-08-04T19:45,2025-08-04T21:45
B-01864,R-009,Gym,2025-08-04T19:45,2025-08-04T21:45
B-01865,R-005,Clubhouse,2025-08-04T21:30,2025-08-07T21:30
B-01866,R-017,Gym,2025-08-05T01:30,2025-08-05T19:30
B-01867,R-007,Clubhouse,2025-08-05T07:15,2025-08-05T08:15
B-01868,R-011,Badminton,2025-08-05T08:00,2025-08-08T08:00
B-01869,R-020,Pool,2025-08-05T09:00,2025-08-05T10:00
B-01870,R-083,Gym,2025-08-05T14:00,2025-08-06T08:00
B-01871,R-105,Pool,2025-08-05T16:00,2025-08-05T18:00
B-01872,R-058,Gym,2025-08-06T01:15,2025-08-07T07:15
B-01873,R-031,Gym,2025-08-06T04:15,2025-08-06T06:15
B-01874,R-121,Pool,2025-08-06T05:45,2025-08-06T09:45
B-01875,R-101,Gym,2025-08-06T11:00,2025-08-07T17:00
B-01876,R-101,Gym,2025-08-06T11:15,2025-08-07T17:15
B-01877,R-034,Multipurpose Hall,2025-08-06T19:00,2025-08-07T07:00
B-01878,R-108,Pool,2025-08-07T07:30,2025-08-09T07:30
B-01879,R-004,Clubhouse,2025-08-07T09:15,2025-08-07T10:15
B-01880,R-109,Badminton,2025-08-07T10:30,2025-08-10T10:30
B-01881,R-061,Gym,2025-08-07T14:30,2025-08-08T20:30
B-01882,R-046,Pool,2025-08-07T15:00,2025-08-07T17:00
B-01883,R-014,Clubhouse,2025-08-07T19:00,2025-08-07T21:00
B-01884,R-002,Gym,2025-08-07T19:00,2025-08-10T19:00
B-01885,R-002,Gym,2025-08-07T19:30,2025-08-10T19:30
B-01886,R-057,Pool,2025-08-07T20:00,2025-08-10T20:00
B-01887,R-132,Badminton,2025-08-07T21:00,2025-08-11T21:00
B-01888,R-006,Pool,2025-08-07T22:15,2025-08-08T06:15
B-01889,R-081,Clubhouse,2025-08-07T23:45,2025-08-08T07:45
B-01890,R-022,Gym,2025-08-08T02:30,2025-08-08T20:30
B-01891,R-119,Badminton,2025-08-08T06:30,2025-08-11T06:30
B-01892,R-055,Multipurpose Hall,2025-08-08T07:45,2025-08-08T09:45
B-01893,R-076,Gym,2025-08-08T17:45,2025-08-10T17:45
B-01894,R-135,Badminton,2025-08-08T19:00,2025-08-11T07:00
B-01895,R-019,Pool,2025-08-08T19:15,2025-08-10T19:15
B-01896,R-091,Gym,2025-08-08T20:00,2025-08-10T20:00
B-01897,R-067,Gym,2025-08-09T07:15,2025-08-12T07:15
B-01898,R-007,Badminton,2025-08-09T08:00,2025-08-12T08:00
B-01899,R-021,Gym,2025-08-09T08:30,2025-08-09T16:30
B-01900,R-021,Gym,2025-08-09T10:15,2025-08-09T18:15
B-01901,R-094,Gym,2025-08-09T13:00,2025-08-10T19:00
B-01902,R-028,Pool,2025-08-09T14:15,2025-08-10T20:15
B-01903,R-102,Badminton,2025-08-09T15:00,2025-08-10T09:00
B-01904,R-043,Pool,2025-08-09T16:30,2025-08-11T16:30
B-01905,R-039,Pool,2025-08-09T17:45,2025-08-09T18:45
B-01906,R-019,Badminton,2025-08-09T19:00,2025-08-10T07:00
B-01907,R-040,Multipurpose Hall,2025-08-10T01:00,2025-08-10T09:00
B-01908,R-012,Clubhouse,2025-08-10T01:00,2025-08-10T19:00
B-01909,R-003,Gym,2025-08-10T03:00,2025-08-11T09:00
B-01910,R-041,Pool,2025-08-10T03:30,2025-08-10T21:30
B-01911,R-003,Gym,2025-08-10T03:30,2025-08-11T09:30
B-01912,R-003,Gym,2025-08-10T04:45,2025-08-11T10:45
B-01913,R-041,Pool,2025-08-10T05:00,2025-08-10T09:00
B-01914,R-077,Gym,2025-08-10T06:15,2025-08-10T18:15
B-01915,R-029,Gym,2025-08-10T08:15,2025-08-13T08:15
B-01916,R-116,Gym,2025-08-10T09:00,2025-08-12T09:00
B-01917,R-010,Gym,2025-08-10T13:15,2025-08-11T19:15
B-01918,R-010,Gym,2025-08-10T13:30,2025-08-11T19:30
B-01919,R-088,Gym,2025-08-10T16:00,2025-08-13T16:00
B-01920,R-024,Pool,2025-08-10T18:45,2025-08-13T18:45
B-01921,R-051,Gym,2025-08-11T00:30,2025-08-12T06:30
B-01922,R-018,Gym,2025-08-11T02:15,2025-08-11T10:15
B-01923,R-132,Badminton,2025-08-11T03:00,2025-08-11T21:00
B-01924,R-009,Gym,2025-08-11T16:00,2025-08-11T18:00
B-01925,R-046,Gym,2025-08-11T18:15,2025-08-11T20:15
B-01926,R-023,Gym,2025-08-11T18:45,2025-08-11T20:45
B-01927,R-009,Gym,2025-08-11T19:00,2025-08-11T21:00
B-01928,R-005,Clubhouse,2025-08-11T21:00,2025-08-14T21:00
B-01929,R-045,Gym,2025-08-11T22:30,2025-08-12T10:30
B-01930,R-017,Gym,2025-08-11T23:45,2025-08-12T17:45
B-01931,R-017,Gym,2025-08-12T01:30,2025-08-12T19:30
B-01932,R-017,Gym,2025-08-12T01:45,2025-08-12T19:45
B-01933,R-105,Pool,2025-08-12T04:30,2025-08-12T16:30
B-01934,R-031,Gym,2025-08-12T06:00,2025-08-13T06:00
B-01935,R-011,Badminton,2025-08-12T06:30,2025-08-15T06:30
B-01936,R-082,Gym,2025-08-12T07:45,2025-08-13T07:45
B-01937,R-004,Clubhouse,2025-08-12T08:30,2025-08-14T08:30
B-01938,R-004,Gym,2025-08-12T10:45,2025-08-14T10:45
B-01939,R-106,Pool,2025-08-12T12:00,2025-08-12T20:00
B-01940,R-014,Clubhouse,2025-08-12T17:30,2025-08-12T19:30
B-01941,R-058,Gym,2025-08-13T01:00,2025-08-14T07:00
B-01942,R-030,Gym,2025-08-13T06:00,2025-08-15T06:00
B-01943,R-051,Gym,2025-08-13T06:30,2025-08-15T18:30
B-01944,R-022,Gym,2025-08-13T08:00,2025-08-15T20:00
B-01945,R-136,Clubhouse,2025-08-13T13:00,2025-08-14T19:00
B-01946,R-136,Clubhouse,2025-08-13T13:00,2025-08-14T19:00
B-01947,R-087,Badminton,2025-08-13T16:30,2025-08-17T16:30
B-01948,R-013,Gym,2025-08-13T18:30,2025-08-13T20:30
B-01949,R-013,Gym,2025-08-13T18:45,2025-08-13T20:45
B-01950,R-129,Clubhouse,2025-08-13T19:00,2025-08-16T19:00
B-01951,R-005,Clubhouse,2025-08-13T21:15,2025-08-16T21:15
B-01952,R-009,Gym,2025-08-14T06:00,2025-08-18T06:00
B-01953,R-046,Gym,2025-08-14T18:00,2025-08-14T20:00
B-01954,R-093,Multipurpose Hall,2025-08-14T18:00,2025-08-17T18:00
B-01955,R-027,Badminton,2025-08-14T21:00,2025-08-15T21:00
B-01956,R-073,Pool,2025-08-14T21:45,2025-08-15T21:45
B-01957,R-073,Gym,2025-08-15T02:15,2025-08-15T20:15
B-01958,R-027,Badminton,2025-08-15T04:15,2025-08-15T08:15
B-01959,R-082,Gym,2025-08-15T07:45,2025-08-16T07:45
B-01960,R-027,Badminton,2025-08-15T13:00,2025-08-15T21:00
B-01961,R-028,Pool,2025-08-15T14:45,2025-08-16T20:45
B-01962,R-019,Badminton,2025-08-15T17:15,2025-08-17T17:15
B-01963,R-015,Multipurpose Hall,2025-08-15T18:15,2025-08-15T20:15
B-01964,R-125,Multipurpose Hall,2025-08-15T18:30,2025-08-17T18:30
B-01965,R-038,Gym,2025-08-15T21:00,2025-08-18T09:00
B-01966,R-120,Gym,2025-08-15T21:00,2025-08-18T21:00
B-01967,R-120,Gym,2025-08-15T21:45,2025-08-18T21:45
B-01968,R-066,Multipurpose Hall,2025-08-16T04:00,2025-08-17T10:00
B-01969,R-067,Gym,2025-08-16T07:00,2025-08-19T07:00
B-01970,R-007,Clubhouse,2025-08-16T08:30,2025-08-19T08:30
B-01971,R-137,Pool,2025-08-16T14:00,2025-08-17T08:00
B-01972,R-001,Pool,2025-08-16T16:00,2025-08-17T10:00
B-01973,R-039,Pool,2025-08-16T16:30,2025-08-16T18:30
B-01974,R-024,Pool,2025-08-16T18:00,2025-08-19T18:00
B-01975,R-029,Clubhouse,2025-08-16T18:00,2025-08-19T18:00
B-01976,R-057,Pool,2025-08-16T21:30,2025-08-17T09:30
B-01977,R-008,Pool,2025-08-17T00:00,2025-08-17T08:00
B-01978,R-016,Clubhouse,2025-08-17T07:15,2025-08-19T07:15
B-01979,R-016,Clubhouse,2025-08-17T07:45,2025-08-19T07:45
B-01980,R-029,Gym,2025-08-17T08:00,2025-08-20T08:00
B-01981,R-015,Multipurpose Hall,2025-08-17T08:45,2025-08-17T20:45
B-01982,R-018,Gym,2025-08-17T10:00,2025-08-18T10:00
B-01983,R-008,Pool,2025-08-17T13:15,2025-08-17T21:15
B-01984,R-008,Gym,2025-08-17T13:30,2025-08-17T21:30
B-01985,R-008,Pool,2025-08-17T13:45,2025-08-17T21:45
B-01986,R-043,Multipurpose Hall,2025-08-17T14:15,2025-08-17T18:15
B-01987,R-050,Pool,2025-08-17T14:15,2025-08-17T18:15
B-01988,R-031,Clubhouse,2025-08-17T16:45,2025-08-17T18:45
B-01989,R-130,Gym,2025-08-17T17:15,2025-08-17T18:15
B-01990,R-018,Clubhouse,2025-08-18T02:00,2025-08-18T10:00
B-01991,R-009,Pool,2025-08-18T19:00,2025-08-18T21:00
B-01992,R-065,Gym,2025-08-19T01:30,2025-08-19T09:30
B-01993,R-063,Gym,2025-08-19T06:15,2025-08-23T06:15
B-01994,R-011,Badminton,2025-08-19T08:15,2025-08-22T08:15
B-01995,R-038,Badminton,2025-08-19T09:00,2025-08-21T09:00
B-01996,R-038,Gym,2025-08-19T09:15,2025-08-21T09:15
B-01997,R-004,Badminton,2025-08-19T09:30,2025-08-21T09:30
B-01998,R-044,Gym,2025-08-19T09:30,2025-08-21T09:30
B-01999,R-114,Badminton,2025-08-19T13:00,2025-08-20T07:00
B-02000,R-105,Pool,2025-08-19T16:00,2025-08-19T18:00
B-02001,R-024,Pool,2025-08-19T19:00,2025-08-22T19:00
B-02002,R-017,Gym,2025-08-19T22:15,2025-08-20T16:15
B-02003,R-064,Badminton,2025-08-20T00:00,2025-08-20T18:00
B-02004,R-058,Gym,2025-08-20T01:00,2025-08-21T07:00
B-02005,R-034,Multipurpose Hall,2025-08-20T07:00,2025-08-21T07:00
B-02006,R-036,Pool,2025-08-20T12:15,2025-08-20T20:15
B-02007,R-014,Clubhouse,2025-08-20T16:00,2025-08-20T17:00
B-02008,R-044,Multipurpose Hall,2025-08-20T17:15,2025-08-22T17:15
B-02009,R-024,Pool,2025-08-20T17:45,2025-08-20T18:45
B-02010,R-013,Gym,2025-08-20T18:00,2025-08-20T20:00
B-02011,R-013,Gym,2025-08-20T18:30,2025-08-20T20:30
B-02012,R-030,Gym,2025-08-20T20:45,2025-08-22T20:45
B-02013,R-020,Pool,2025-08-20T22:00,2025-08-21T10:00
B-02014,R-026,Gym,2025-08-21T05:45,2025-08-21T07:45
B-02015,R-050,Badminton,2025-08-21T08:00,2025-08-21T10:00
B-02016,R-007,Clubhouse,2025-08-21T08:00,2025-08-24T08:00
B-02017,R-121,Pool,2025-08-21T09:15,2025-08-23T09:15
B-02018,R-134,Pool,2025-08-21T10:15,2025-08-24T10:15
B-02019,R-101,Pool,2025-08-21T11:15,2025-08-22T17:15
B-02020,R-025,Gym,2025-08-21T16:30,2025-08-22T10:30
B-02021,R-002,Gym,2025-08-21T19:00,2025-08-24T19:00
B-02022,R-018,Gym,2025-08-21T19:30,2025-08-25T19:30
B-02023,R-006,Pool,2025-08-21T22:45,2025-08-22T06:45
B-02024,R-123,Gym,2025-08-22T05:30,2025-08-22T07:30
B-02025,R-055,Gym,2025-08-22T07:00,2025-08-22T09:00
B-02026,R-081,Badminton,2025-08-22T09:00,2025-08-22T17:00
B-02027,R-044,Gym,2025-08-22T09:45,2025-08-24T09:45
B-02028,R-014,Clubhouse,2025-08-22T14:45,2025-08-22T16:45
B-02029,R-002,Gym,2025-08-22T19:00,2025-08-25T19:00
B-02030,R-019,Badminton,2025-08-22T19:15,2025-08-24T19:15
B-02031,R-027,Badminton,2025-08-22T20:45,2025-08-22T21:45
B-02032,R-073,Gym,2025-08-22T23:00,2025-08-23T17:00
B-02033,R-066,Gym,2025-08-23T04:15,2025-08-24T10:15
B-02034,R-067,Badminton,2025-08-23T07:30,2025-08-26T07:30
B-02035,R-028,Pool,2025-08-23T08:00,2025-08-23T20:00
B-02036,R-011,Badminton,2025-08-23T08:15,2025-08-26T08:15
B-02037,R-007,Clubhouse,2025-08-23T08:45,2025-08-26T08:45
B-02038,R-014,Gym,2025-08-23T14:00,2025-08-23T16:00
B-02039,R-014,Clubhouse,2025-08-23T14:00,2025-08-23T16:00
B-02040,R-101,Pool,2025-08-23T14:00,2025-08-24T20:00
B-02041,R-026,Pool,2025-08-23T16:00,2025-08-23T18:00
B-02042,R-002,Gym,2025-08-23T19:45,2025-08-24T19:45
B-02043,R-087,Badminton,2025-08-24T00:15,2025-08-24T08:15
B-02044,R-010,Gym,2025-08-24T01:15,2025-08-25T07:15
B-02045,R-118,Badminton,2025-08-24T15:45,2025-08-24T17:45
B-02046,R-024,Pool,2025-08-24T18:30,2025-08-27T18:30
B-02047,R-086,Badminton,2025-08-25T07:15,2025-08-28T07:15
B-02048,R-032,Gym,2025-08-25T07:45,2025-08-28T07:45
B-02049,R-017,Badminton,2025-08-25T14:45,2025-08-26T08:45
B-02050,R-045,Gym,2025-08-25T15:45,2025-08-26T09:45
B-02051,R-009,Gym,2025-08-25T19:00,2025-08-25T21:00
B-02052,R-062,Pool,2025-08-26T01:15,2025-08-26T19:15
B-02053,R-004,Clubhouse,2025-08-26T06:15,2025-08-28T06:15
B-02054,R-071,Pool,2025-08-26T07:30,2025-08-28T19:30
B-02055,R-038,Multipurpose Hall,2025-08-26T09:15,2025-08-28T09:15
B-02056,R-038,Gym,2025-08-26T09:45,2025-08-28T09:45
B-02057,R-004,Badminton,2025-08-26T10:30,2025-08-28T10:30
B-02058,R-023,Gym,2025-08-26T14:30,2025-08-26T16:30
B-02059,R-039,Pool,2025-08-26T18:00,2025-08-30T18:00
B-02060,R-089,Pool,2025-08-26T19:00,2025-08-27T07:00
B-02061,R-005,Pool,2025-08-27T10:00,2025-08-30T10:00
B-02062,R-021,Pool,2025-08-27T10:15,2025-08-27T18:15
B-02063,R-036,Pool,2025-08-27T16:45,2025-08-27T20:45
B-02064,R-072,Badminton,2025-08-27T17:45,2025-08-29T17:45
B-02065,R-013,Badminton,2025-08-27T18:15,2025-08-27T20:15
B-02066,R-057,Pool,2025-08-28T08:15,2025-08-31T08:15
B-02067,R-002,Gym,2025-08-28T10:45,2025-08-31T10:45
B-02068,R-064,Badminton,2025-08-28T14:00,2025-08-29T08:00
B-02069,R-083,Gym,2025-08-28T14:00,2025-08-29T08:00
B-02070,R-046,Pool,2025-08-28T18:30,2025-08-28T20:30
B-02071,R-033,Pool,2025-08-28T18:30,2025-08-31T18:30
B-02072,R-068,Gym,2025-08-29T03:30,2025-08-30T09:30
B-02073,R-032,Gym,2025-08-29T06:15,2025-08-29T07:15
B-02074,R-119,Badminton,2025-08-29T06:15,2025-09-01T06:15
B-02075,R-099,Multipurpose Hall,2025-08-29T09:00,2025-09-01T09:00
B-02076,R-004,Clubhouse,2025-08-29T10:30,2025-08-31T10:30
B-02077,R-100,Gym,2025-08-29T11:30,2025-08-30T17:30
B-02078,R-100,Gym,2025-08-29T11:45,2025-08-30T17:45
B-02079,R-027,Gym,2025-08-29T13:15,2025-08-29T21:15
B-02080,R-019,Badminton,2025-08-29T19:15,2025-08-31T19:15
B-02081,R-129,Clubhouse,2025-08-29T19:15,2025-09-01T19:15
B-02082,R-019,Badminton,2025-08-29T19:30,2025-08-31T19:30
B-02083,R-006,Pool,2025-08-29T22:15,2025-08-30T06:15
B-02084,R-017,Gym,2025-08-30T02:30,2025-08-30T20:30
B-02085,R-007,Gym,2025-08-30T08:30,2025-09-02T08:30
B-02086,R-005,Clubhouse,2025-08-30T09:45,2025-08-30T21:45
B-02087,R-113,Gym,2025-08-30T14:00,2025-08-30T18:00
B-02088,R-014,Clubhouse,2025-08-30T14:45,2025-08-30T16:45
B-02089,R-014,Clubhouse,2025-08-30T15:00,2025-08-30T17:00
B-02090,R-048,Multipurpose Hall,2025-08-30T15:00,2025-08-30T19:00
B-02091,R-001,Pool,2025-08-30T16:00,2025-08-31T10:00
B-02092,R-001,Pool,2025-08-30T16:00,2025-08-31T10:00
B-02093,R-001,Pool,2025-08-30T16:15,2025-08-31T10:15
B-02094,R-001,Pool,2025-08-30T16:30,2025-08-31T10:30
B-02095,R-113,Gym,2025-08-30T18:30,2025-09-03T18:30
B-02096,R-124,Gym,2025-08-30T21:00,2025-09-02T21:00
B-02097,R-041,Pool,2025-08-30T21:30,2025-08-31T09:30
B-02098,R-036,Pool,2025-08-31T01:00,2025-08-31T09:00
B-02099,R-040,Multipurpose Hall,2025-08-31T01:15,2025-08-31T09:15
B-02100,R-003,Gym,2025-08-31T03:15,2025-09-01T09:15
B-02101,R-003,Gym,2025-08-31T03:30,2025-09-01T09:30
B-02102,R-001,Pool,2025-08-31T03:45,2025-08-31T21:45
B-02103,R-067,Clubhouse,2025-08-31T06:00,2025-08-31T18:00
B-02104,R-017,Gym,2025-08-31T07:15,2025-09-02T19:15
B-02105,R-036,Pool,2025-08-31T09:00,2025-08-31T17:00
B-02106,R-008,Gym,2025-08-31T13:00,2025-08-31T21:00
B-02107,R-008,Pool,2025-08-31T13:15,2025-08-31T21:15
B-02108,R-008,Badminton,2025-08-31T13:30,2025-08-31T21:30
B-02109,R-015,Multipurpose Hall,2025-08-31T16:30,2025-08-31T18:30
B-02110,R-011,Badminton,2025-08-31T18:30,2025-09-03T18:30
B-02111,R-005,Pool,2025-08-31T21:15,2025-09-03T21:15
B-02112,R-072,Pool,2025-08-31T21:45,2025-09-02T21:45
B-02113,R-040,Badminton,2025-09-01T01:30,2025-09-01T09:30
B-02114,R-032,Gym,2025-09-01T07:15,2025-09-04T07:15
B-02115,R-010,Gym,2025-09-01T07:30,2025-09-01T19:30
B-02116,R-084,Gym,2025-09-01T12:30,2025-09-02T06:30
B-02117,R-014,Clubhouse,2025-09-01T12:45,2025-09-01T16:45
B-02118,R-089,Pool,2025-09-01T13:00,2025-09-02T07:00
B-02119,R-012,Clubhouse,2025-09-01T13:15,2025-09-02T07:15
B-02120,R-023,Gym,2025-09-01T14:00,2025-09-01T16:00
B-02121,R-025,Pool,2025-09-01T15:15,2025-09-02T09:15
B-02122,R-017,Gym,2025-09-02T02:45,2025-09-02T20:45
B-02123,R-075,Gym,2025-09-02T04:00,2025-09-02T08:00
B-02124,R-130,Pool,2025-09-02T07:00,2025-09-05T07:00
B-02125,R-020,Pool,2025-09-02T07:30,2025-09-02T08:30
B-02126,R-093,Pool,2025-09-02T10:30,2025-09-05T10:30
B-02127,R-082,Gym,2025-09-02T13:45,2025-09-03T07:45
B-02128,R-021,Gym,2025-09-02T16:00,2025-09-03T16:00
B-02129,R-026,Pool,2025-09-02T16:30,2025-09-02T18:30
B-02130,R-136,Gym,2025-09-03T01:15,2025-09-04T07:15
B-02131,R-058,Gym,2025-09-03T01:30,2025-09-04T07:30
B-02132,R-036,Pool,2025-09-03T02:15,2025-09-03T10:15
B-02133,R-038,Gym,2025-09-03T05:00,2025-09-03T09:00
B-02134,R-032,Multipurpose Hall,2025-09-03T07:30,2025-09-06T07:30
B-02135,R-036,Pool,2025-09-03T12:00,2025-09-03T20:00
B-02136,R-013,Gym,2025-09-03T14:45,2025-09-03T16:45
B-02137,R-110,Gym,2025-09-03T18:15,2025-09-03T20:15
B-02138,R-006,Pool,2025-09-04T06:00,2025-09-05T06:00
B-02139,R-108,Pool,2025-09-04T10:00,2025-09-06T10:00
B-02140,R-049,Pool,2025-09-04T10:15,2025-09-04T18:15
B-02141,R-047,Pool,2025-09-04T18:00,2025-09-05T06:00
B-02142,R-002,Gym,2025-09-04T19:15,2025-09-07T19:15
B-02143,R-002,Pool,2025-09-04T19:45,2025-09-07T19:45
B-02144,R-006,Pool,2025-09-04T22:45,2025-09-05T06:45
B-02145,R-017,Gym,2025-09-05T01:45,2025-09-05T19:45
B-02146,R-011,Pool,2025-09-05T02:30,2025-09-05T06:30
B-02147,R-123,Gym,2025-09-05T05:00,2025-09-05T07:00
B-02148,R-002,Gym,2025-09-05T06:30,2025-09-08T06:30
B-02149,R-029,Gym,2025-09-05T08:45,2025-09-08T08:45
B-02150,R-099,Multipurpose Hall,2025-09-05T09:30,2025-09-08T09:30
B-02151,R-092,Gym,2025-09-05T12:00,2025-09-06T18:00
B-02152,R-090,Gym,2025-09-05T12:15,2025-09-06T06:15
B-02153,R-090,Pool,2025-09-05T15:30,2025-09-06T09:30
B-02154,R-104,Gym,2025-09-05T17:45,2025-09-08T17:45
B-02155,R-019,Gym,2025-09-05T18:00,2025-09-07T18:00
B-02156,R-038,Gym,2025-09-05T18:45,2025-09-07T18:45
B-02157,R-104,Gym,2025-09-05T21:30,2025-09-08T21:30
B-02158,R-067,Gym,2025-09-06T07:00,2025-09-09T07:00
B-02159,R-067,Gym,2025-09-06T07:15,2025-09-09T07:15
B-02160,R-070,Gym,2025-09-06T07:30,2025-09-10T07:30
B-02161,R-007,Clubhouse,2025-09-06T08:00,2025-09-09T08:00
B-02162,R-020,Gym,2025-09-06T10:45,2025-09-09T10:45
B-02163,R-001,Pool,2025-09-06T14:45,2025-09-07T08:45
B-02164,R-039,Pool,2025-09-06T16:45,2025-09-06T18:45
B-02165,R-039,Pool,2025-09-06T17:45,2025-09-06T18:45
B-02166,R-077,Gym,2025-09-06T18:00,2025-09-08T18:00
B-02167,R-005,Clubhouse,2025-09-06T21:45,2025-09-09T21:45
B-02168,R-083,Gym,2025-09-06T22:00,2025-09-07T16:00
B-02169,R-017,Gym,2025-09-07T01:00,2025-09-07T19:00
B-02170,R-012,Clubhouse,2025-09-07T01:30,2025-09-07T19:30
B-02171,R-040,Multipurpose Hall,2025-09-07T01:45,2025-09-07T09:45
B-02172,R-003,Pool,2025-09-07T03:30,2025-09-08T09:30
B-02173,R-116,Gym,2025-09-07T06:45,2025-09-09T06:45
B-02174,R-082,Gym,2025-09-07T07:00,2025-09-11T07:00
B-02175,R-071,Gym,2025-09-07T08:15,2025-09-09T08:15
B-02176,R-008,Gym,2025-09-07T10:30,2025-09-07T18:30
B-02177,R-006,Gym,2025-09-07T10:45,2025-09-07T18:45
B-02178,R-027,Badminton,2025-09-07T10:45,2025-09-07T18:45
B-02179,R-112,Pool,2025-09-07T12:00,2025-09-08T06:00
B-02180,R-010,Gym,2025-09-07T13:15,2025-09-08T19:15
B-02181,R-060,Gym,2025-09-07T16:00,2025-09-08T10:00
B-02182,R-103,Multipurpose Hall,2025-09-08T02:00,2025-09-09T08:00
B-02183,R-122,Clubhouse,2025-09-08T03:00,2025-09-08T21:00
B-02184,R-026,Gym,2025-09-08T04:45,2025-09-08T16:45
B-02185,R-113,Gym,2025-09-08T06:30,2025-09-10T18:30
B-02186,R-011,Badminton,2025-09-08T08:45,2025-09-11T08:45
B-02187,R-027,Pool,2025-09-08T13:00,2025-09-08T21:00
B-02188,R-025,Gym,2025-09-08T14:00,2025-09-09T08:00
B-02189,R-017,Gym,2025-09-08T14:30,2025-09-09T08:30
B-02190,R-025,Gym,2025-09-08T16:00,2025-09-09T10:00
B-02191,R-121,Pool,2025-09-08T16:15,2025-09-08T17:15
B-02192,R-017,Gym,2025-09-09T01:45,2025-09-09T19:45
B-02193,R-076,Gym,2025-09-09T06:15,2025-09-09T10:15
B-02194,R-079,Gym,2025-09-09T07:00,2025-09-09T09:00
B-02195,R-011,Badminton,2025-09-09T07:30,2025-09-12T07:30
B-02196,R-038,Pool,2025-09-09T09:00,2025-09-11T09:00
B-02197,R-004,Clubhouse,2025-09-09T10:00,2025-09-11T10:00
B-02198,R-076,Gym,2025-09-09T17:30,2025-09-10T17:30
B-02199,R-067,Gym,2025-09-09T18:30,2025-09-12T18:30
B-02200,R-058,Gym,2025-09-10T01:15,2025-09-11T07:15
B-02201,R-003,Gym,2025-09-10T02:15,2025-09-10T06:15
B-02202,R-036,Pool,2025-09-10T03:30,2025-09-10T07:30
B-02203,R-063,Gym,2025-09-10T06:00,2025-09-13T06:00
B-02204,R-044,Gym,2025-09-10T09:15,2025-09-12T09:15
B-02205,R-044,Gym,2025-09-10T09:15,2025-09-12T09:15
B-02206,R-096,Clubhouse,2025-09-10T09:45,2025-09-13T09:45
B-02207,R-110,Gym,2025-09-10T14:30,2025-09-10T16:30
B-02208,R-032,Gym,2025-09-10T19:15,2025-09-11T07:15
B-02209,R-019,Badminton,2025-09-10T19:30,2025-09-12T19:30
B-02210,R-039,Pool,2025-09-10T20:30,2025-09-13T08:30
B-02211,R-005,Clubhouse,2025-09-10T21:15,2025-09-13T21:15
B-02212,R-050,Pool,2025-09-11T06:00,2025-09-11T08:00
B-02213,R-033,Badminton,2025-09-11T10:00,2025-09-14T10:00
B-02214,R-033,Gym,2025-09-11T10:00,2025-09-14T10:00
B-02215,R-033,Badminton,2025-09-11T10:00,2025-09-14T10:00
B-02216,R-033,Clubhouse,2025-09-11T10:30,2025-09-14T10:30
B-02217,R-099,Gym,2025-09-11T14:45,2025-09-11T18:45
B-02218,R-002,Gym,2025-09-11T16:30,2025-09-14T16:30
B-02219,R-002,Gym,2025-09-11T18:30,2025-09-14T18:30
B-02220,R-006,Pool,2025-09-11T22:00,2025-09-12T06:00
B-02221,R-022,Gym,2025-09-12T02:15,2025-09-12T20:15
B-02222,R-068,Pool,2025-09-12T03:00,2025-09-13T09:00
B-02223,R-055,Multipurpose Hall,2025-09-12T07:00,2025-09-12T09:00
B-02224,R-055,Gym,2025-09-12T07:15,2025-09-12T09:15
B-02225,R-045,Badminton,2025-09-12T09:00,2025-09-16T09:00
B-02226,R-055,Multipurpose Hall,2025-09-12T09:30,2025-09-13T09:30
B-02227,R-106,Gym,2025-09-12T09:45,2025-09-16T09:45
B-02228,R-090,Pool,2025-09-12T16:00,2025-09-13T10:00
B-02229,R-001,Pool,2025-09-12T16:45,2025-09-13T10:45
B-02230,R-097,Clubhouse,2025-09-12T18:00,2025-09-15T18:00
B-02231,R-069,Gym,2025-09-12T19:45,2025-09-14T19:45
B-02232,R-129,Clubhouse,2025-09-12T19:45,2025-09-15T19:45
B-02233,R-094,Gym,2025-09-13T02:30,2025-09-14T08:30
B-02234,R-035,Badminton,2025-09-13T08:00,2025-09-13T09:00
B-02235,R-037,Clubhouse,2025-09-13T08:00,2025-09-15T08:00
B-02236,R-040,Multipurpose Hall,2025-09-13T09:00,2025-09-13T17:00
B-02237,R-082,Gym,2025-09-13T09:15,2025-09-17T09:15
B-02238,R-020,Pool,2025-09-13T10:45,2025-09-16T10:45
B-02239,R-028,Pool,2025-09-13T14:00,2025-09-14T20:00
B-02240,R-073,Gym,2025-09-13T15:00,2025-09-13T19:00
B-02241,R-001,Pool,2025-09-13T16:30,2025-09-14T10:30
B-02242,R-066,Badminton,2025-09-13T18:15,2025-09-14T18:15
B-02243,R-099,Pool,2025-09-14T06:00,2025-09-14T18:00
B-02244,R-030,Gym,2025-09-14T06:00,2025-09-16T06:00
B-02245,R-029,Gym,2025-09-14T08:00,2025-09-17T08:00
B-02246,R-029,Clubhouse,2025-09-14T08:00,2025-09-17T08:00
B-02247,R-029,Gym,2025-09-14T08:15,2025-09-17T08:15
B-02248,R-036,Pool,2025-09-14T10:45,2025-09-14T18:45
B-02249,R-021,Gym,2025-09-14T13:30,2025-09-14T21:30
B-02250,R-008,Pool,2025-09-14T13:45,2025-09-14T21:45
B-02251,R-118,Badminton,2025-09-14T15:30,2025-09-14T17:30
B-02252,R-031,Pool,2025-09-14T16:45,2025-09-14T18:45
B-02253,R-024,Badminton,2025-09-14T18:00,2025-09-17T18:00
B-02254,R-024,Gym,2025-09-14T18:15,2025-09-17T18:15
B-02255,R-018,Gym,2025-09-14T22:15,2025-09-17T10:15
B-02256,R-051,Gym,2025-09-15T00:00,2025-09-16T06:00
B-02257,R-062,Pool,2025-09-15T01:15,2025-09-15T19:15
B-02258,R-018,Gym,2025-09-15T02:00,2025-09-15T10:00
B-02259,R-009,Gym,2025-09-15T04:00,2025-09-15T06:00
B-02260,R-107,Gym,2025-09-15T06:00,2025-09-15T07:00
B-02261,R-032,Gym,2025-09-15T07:30,2025-09-18T07:30
B-02262,R-016,Clubhouse,2025-09-15T07:45,2025-09-16T07:45
B-02263,R-094,Gym,2025-09-15T08:45,2025-09-16T08:45
B-02264,R-126,Gym,2025-09-15T15:15,2025-09-15T17:15
B-02265,R-118,Badminton,2025-09-15T17:30,2025-09-16T17:30
B-02266,R-085,Gym,2025-09-15T20:00,2025-09-17T20:00
B-02267,R-085,Gym,2025-09-15T20:00,2025-09-17T20:00
B-02268,R-022,Gym,2025-09-15T20:00,2025-09-19T20:00
B-02269,R-022,Gym,2025-09-15T20:00,2025-09-19T20:00
B-02270,R-007,Clubhouse,2025-09-15T22:15,2025-09-16T10:15
B-02271,R-064,Badminton,2025-09-15T22:45,2025-09-16T16:45
B-02272,R-030,Gym,2025-09-16T07:00,2025-09-16T19:00
B-02273,R-010,Gym,2025-09-16T13:00,2025-09-17T19:00
B-02274,R-105,Pool,2025-09-16T16:30,2025-09-16T18:30
B-02275,R-015,Multipurpose Hall,2025-09-16T18:15,2025-09-16T20:15
B-02276,R-016,Clubhouse,2025-09-16T18:30,2025-09-18T18:30
B-02277,R-034,Multipurpose Hall,2025-09-16T18:45,2025-09-18T18:45
B-02278,R-093,Pool,2025-09-16T22:30,2025-09-19T10:30
B-02279,R-064,Badminton,2025-09-16T22:45,2025-09-17T16:45
B-02280,R-021,Gym,2025-09-17T08:00,2025-09-17T16:00
B-02281,R-021,Gym,2025-09-17T08:00,2025-09-17T16:00
B-02282,R-015,Gym,2025-09-17T18:15,2025-09-17T20:15
B-02283,R-026,Gym,2025-09-18T06:00,2025-09-20T18:00
B-02284,R-033,Badminton,2025-09-18T06:30,2025-09-21T06:30
B-02285,R-042,Pool,2025-09-18T08:15,2025-09-20T20:15
B-02286,R-050,Pool,2025-09-18T14:45,2025-09-18T16:45
B-02287,R-080,Badminton,2025-09-18T16:15,2025-09-18T18:15
B-02288,R-033,Badminton,2025-09-18T19:00,2025-09-21T19:00
B-02289,R-006,Pool,2025-09-18T22:00,2025-09-19T06:00
B-02290,R-006,Pool,2025-09-18T22:00,2025-09-19T06:00
B-02291,R-006,Pool,2025-09-18T22:15,2025-09-19T06:15
B-02292,R-006,Pool,2025-09-18T22:45,2025-09-19T06:45
B-02293,R-006,Pool,2025-09-18T22:45,2025-09-19T06:45
B-02294,R-140,Clubhouse,2025-09-19T01:45,2025-09-20T07:45
B-02295,R-022,Gym,2025-09-19T02:15,2025-09-19T20:15
B-02296,R-008,Pool,2025-09-19T09:45,2025-09-21T21:45
B-02297,R-028,Gym,2025-09-19T14:00,2025-09-20T20:00
B-02298,R-090,Pool,2025-09-19T16:45,2025-09-20T10:45
B-02299,R-015,Multipurpose Hall,2025-09-19T19:00,2025-09-19T21:00
B-02300,R-129,Clubhouse,2025-09-19T19:00,2025-09-22T19:00
B-02301,R-001,Pool,2025-09-19T22:00,2025-09-20T10:00
B-02302,R-094,Gym,2025-09-20T02:45,2025-09-21T08:45
B-02303,R-075,Gym,2025-09-20T08:30,2025-09-23T08:30
B-02304,R-124,Clubhouse,2025-09-20T10:00,2025-09-23T10:00
B-02305,R-014,Clubhouse,2025-09-20T14:00,2025-09-20T16:00
B-02306,R-023,Gym,2025-09-20T15:15,2025-09-20T16:15
B-02307,R-043,Pool,2025-09-20T16:45,2025-09-22T16:45
B-02308,R-037,Clubhouse,2025-09-20T18:15,2025-09-22T18:15
B-02309,R-006,Pool,2025-09-20T18:45,2025-09-21T06:45
B-02310,R-124,Gym,2025-09-20T21:00,2025-09-23T21:00
B-02311,R-087,Badminton,2025-09-20T22:00,2025-09-21T10:00
B-02312,R-041,Pool,2025-09-21T00:00,2025-09-21T18:00
B-02313,R-083,Gym,2025-09-21T00:00,2025-09-21T18:00
B-02314,R-062,Badminton,2025-09-21T01:00,2025-09-21T19:00
B-02315,R-012,Clubhouse,2025-09-21T01:15,2025-09-21T19:15
B-02316,R-040,Multipurpose Hall,2025-09-21T01:30,2025-09-21T09:30
B-02317,R-030,Gym,2025-09-21T06:00,2025-09-23T06:00
B-02318,R-002,Gym,2025-09-21T07:00,2025-09-21T19:00
B-02319,R-009,Gym,2025-09-21T07:00,2025-09-22T07:00
B-02320,R-016,Pool,2025-09-21T07:45,2025-09-23T07:45
B-02321,R-131,Clubhouse,2025-09-21T09:15,2025-09-21T17:15
B-02322,R-010,Gym,2025-09-21T13:00,2025-09-22T19:00
B-02323,R-003,Gym,2025-09-21T13:30,2025-09-22T19:30
B-02324,R-040,Multipurpose Hall,2025-09-21T13:45,2025-09-21T21:45
B-02325,R-019,Badminton,2025-09-21T19:00,2025-09-23T19:00
B-02326,R-077,Gym,2025-09-21T21:45,2025-09-23T21:45
B-02327,R-103,Multipurpose Hall,2025-09-22T02:00,2025-09-23T08:00
B-02328,R-018,Gym,2025-09-22T02:15,2025-09-22T10:15
B-02329,R-087,Badminton,2025-09-22T02:45,2025-09-22T10:45
B-02330,R-052,Pool,2025-09-22T07:15,2025-09-22T09:15
B-02331,R-104,Gym,2025-09-22T08:00,2025-09-22T20:00
B-02332,R-045,Gym,2025-09-22T15:00,2025-09-23T09:00
B-02333,R-078,Badminton,2025-09-22T15:00,2025-09-23T21:00
B-02334,R-139,Pool,2025-09-22T15:15,2025-09-23T09:15
B-02335,R-004,Clubhouse,2025-09-22T21:00,2025-09-26T21:00
B-02336,R-053,Gym,2025-09-22T21:00,2025-09-26T21:00
B-02337,R-132,Badminton,2025-09-23T03:30,2025-09-23T21:30
B-02338,R-023,Gym,2025-09-23T06:45,2025-09-23T08:45
B-02339,R-065,Multipurpose Hall,2025-09-23T11:30,2025-09-23T19:30
B-02340,R-065,Gym,2025-09-23T15:00,2025-09-23T19:00
B-02341,R-105,Pool,2025-09-23T16:45,2025-09-23T18:45
B-02342,R-088,Gym,2025-09-23T17:00,2025-09-26T17:00
B-02343,R-052,Gym,2025-09-24T05:30,2025-09-24T09:30
B-02344,R-030,Gym,2025-09-24T06:00,2025-09-26T06:00
B-02345,R-063,Gym,2025-09-24T06:15,2025-09-27T06:15
B-02346,R-022,Multipurpose Hall,2025-09-24T08:00,2025-09-26T20:00
B-02347,R-013,Gym,2025-09-24T08:15,2025-09-24T20:15
B-02348,R-021,Gym,2025-09-24T10:15,2025-09-24T18:15
B-02349,R-010,Gym,2025-09-24T12:00,2025-09-25T18:00
B-02350,R-110,Gym,2025-09-24T18:45,2025-09-24T20:45
B-02351,R-005,Clubhouse,2025-09-24T21:00,2025-09-27T21:00
B-02352,R-002,Badminton,2025-09-25T18:45,2025-09-28T18:45
B-02353,R-002,Gym,2025-09-25T19:15,2025-09-28T19:15
B-02354,R-022,Gym,2025-09-25T20:00,2025-09-26T20:00
B-02355,R-006,Pool,2025-09-25T22:30,2025-09-26T06:30
B-02356,R-006,Pool,2025-09-25T23:45,2025-09-26T07:45
B-02357,R-047,Pool,2025-09-26T01:45,2025-09-26T09:45
B-02358,R-022,Gym,2025-09-26T02:15,2025-09-26T20:15
B-02359,R-076,Gym,2025-09-26T08:45,2025-09-28T08:45
B-02360,R-140,Badminton,2025-09-26T10:00,2025-09-27T16:00
B-02361,R-050,Pool,2025-09-26T16:15,2025-09-26T18:15
B-02362,R-128,Badminton,2025-09-26T19:00,2025-09-26T21:00
B-02363,R-002,Gym,2025-09-26T21:00,2025-09-29T21:00
B-02364,R-120,Gym,2025-09-26T21:00,2025-09-29T21:00
B-02365,R-056,Pool,2025-09-27T00:30,2025-09-28T06:30
B-02366,R-002,Gym,2025-09-27T07:00,2025-09-30T07:00
B-02367,R-007,Clubhouse,2025-09-27T08:00,2025-09-30T08:00
B-02368,R-040,Multipurpose Hall,2025-09-27T09:00,2025-09-28T09:00
B-02369,R-096,Clubhouse,2025-09-27T09:00,2025-09-30T09:00
B-02370,R-020,Pool,2025-09-27T10:45,2025-09-30T10:45
B-02371,R-012,Clubhouse,2025-09-27T13:45,2025-09-28T07:45
B-02372,R-014,Pool,2025-09-27T14:15,2025-09-27T16:15
B-02373,R-001,Pool,2025-09-27T16:00,2025-09-28T10:00
B-02374,R-095,Pool,2025-09-27T16:00,2025-09-30T16:00
B-02375,R-071,Pool,2025-09-27T19:15,2025-09-29T19:15
B-02376,R-091,Pool,2025-09-27T20:15,2025-09-29T20:15
B-02377,R-001,Pool,2025-09-28T00:45,2025-09-28T18:45
B-02378,R-012,Clubhouse,2025-09-28T01:00,2025-09-28T19:00
B-02379,R-003,Gym,2025-09-28T03:45,2025-09-29T09:45
B-02380,R-008,Pool,2025-09-28T13:15,2025-09-28T21:15
B-02381,R-102,Pool,2025-09-28T15:00,2025-09-29T09:00
B-02382,R-059,Pool,2025-09-28T16:15,2025-09-28T18:15
B-02383,R-009,Gym,2025-09-28T16:30,2025-09-28T18:30
B-02384,R-013,Clubhouse,2025-09-28T16:30,2025-09-28T18:30
B-02385,R-110,Gym,2025-09-28T18:30,2025-09-28T20:30
B-02386,R-002,Gym,2025-09-28T19:00,2025-10-02T19:00
B-02387,R-064,Gym,2025-09-28T22:30,2025-09-29T16:30
B-02388,R-018,Gym,2025-09-29T02:45,2025-09-29T10:45
B-02389,R-132,Gym,2025-09-29T03:30,2025-09-29T21:30
B-02390,R-032,Pool,2025-09-29T07:00,2025-10-02T07:00
B-02391,R-003,Gym,2025-09-29T08:30,2025-09-29T09:30
B-02392,R-115,Gym,2025-09-29T10:15,2025-09-30T16:15
B-02393,R-134,Badminton,2025-09-29T10:15,2025-10-02T10:15
B-02394,R-115,Gym,2025-09-29T10:30,2025-09-30T16:30
B-02395,R-100,Gym,2025-09-29T10:45,2025-09-30T16:45
B-02396,R-126,Gym,2025-09-29T15:45,2025-09-29T17:45
B-02397,R-015,Multipurpose Hall,2025-09-29T18:30,2025-09-29T20:30
B-02398,R-085,Gym,2025-09-29T20:00,2025-10-01T20:00
B-02399,R-017,Gym,2025-09-30T01:15,2025-09-30T19:15
B-02400,R-030,Gym,2025-09-30T02:00,2025-09-30T06:00
B-02401,R-031,Gym,2025-09-30T04:45,2025-09-30T06:45
B-02402,R-034,Multipurpose Hall,2025-09-30T07:00,2025-10-02T07:00
B-02403,R-067,Gym,2025-09-30T07:00,2025-10-03T07:00
B-02404,R-130,Pool,2025-09-30T07:00,2025-10-03T07:00
B-02405,R-011,Badminton,2025-09-30T08:00,2025-10-03T08:00
B-02406,R-090,Badminton,2025-09-30T09:00,2025-10-04T09:00
B-02407,R-005,Gym,2025-09-30T10:30,2025-10-03T10:30
B-02408,R-093,Pool,2025-09-30T10:30,2025-10-03T10:30
B-02409,R-009,Gym,2025-09-30T16:45,2025-09-30T18:45
B-02410,R-110,Gym,2025-09-30T18:00,2025-09-30T20:00
B-02411,R-016,Badminton,2025-09-30T18:15,2025-10-02T18:15
B-02412,R-019,Badminton,2025-09-30T19:00,2025-10-02T19:00
B-02413,R-019,Badminton,2025-09-30T19:00,2025-10-02T19:00
B-02414,R-078,Pool,2025-10-01T00:30,2025-10-02T06:30
B-02415,R-058,Gym,2025-10-01T01:00,2025-10-02T07:00
B-02416,R-006,Pool,2025-10-01T05:15,2025-10-01T06:15
B-02417,R-034,Multipurpose Hall,2025-10-01T07:15,2025-10-03T07:15
B-02418,R-123,Clubhouse,2025-10-01T09:00,2025-10-05T09:00
B-02419,R-013,Gym,2025-10-01T15:00,2025-10-01T17:00
B-02420,R-005,Gym,2025-10-01T18:00,2025-10-04T18:00
B-02421,R-015,Multipurpose Hall,2025-10-01T18:30,2025-10-01T20:30
B-02422,R-015,Multipurpose Hall,2025-10-01T18:45,2025-10-01T20:45
B-02423,R-085,Gym,2025-10-01T20:30,2025-10-03T20:30
B-02424,R-005,Clubhouse,2025-10-01T21:15,2025-10-04T21:15
B-02425,R-002,Gym,2025-10-02T07:30,2025-10-05T07:30
B-02426,R-010,Badminton,2025-10-02T13:45,2025-10-03T19:45
B-02427,R-014,Clubhouse,2025-10-02T14:45,2025-10-02T16:45
B-02428,R-002,Gym,2025-10-02T19:15,2025-10-05T19:15
B-02429,R-002,Gym,2025-10-02T19:15,2025-10-05T19:15
B-02430,R-134,Badminton,2025-10-02T20:15,2025-10-05T20:15
B-02431,R-045,Gym,2025-10-03T00:30,2025-10-03T18:30
B-02432,R-003,Gym,2025-10-03T03:45,2025-10-04T09:45
B-02433,R-123,Gym,2025-10-03T05:15,2025-10-03T07:15
B-02434,R-019,Badminton,2025-10-03T07:00,2025-10-05T07:00
B-02435,R-055,Multipurpose Hall,2025-10-03T07:30,2025-10-03T09:30
B-02436,R-081,Pool,2025-10-03T09:00,2025-10-03T17:00
B-02437,R-028,Pool,2025-10-03T14:45,2025-10-04T20:45
B-02438,R-054,Gym,2025-10-03T18:15,2025-10-06T18:15
B-02439,R-019,Badminton,2025-10-03T18:30,2025-10-05T18:30
B-02440,R-014,Gym,2025-10-03T19:00,2025-10-03T21:00
B-02441,R-016,Gym,2025-10-03T20:45,2025-10-07T20:45
B-02442,R-026,Gym,2025-10-04T04:45,2025-10-04T06:45
B-02443,R-089,Gym,2025-10-04T07:00,2025-10-08T07:00
B-02444,R-007,Clubhouse,2025-10-04T08:00,2025-10-07T08:00
B-02445,R-124,Gym,2025-10-04T09:00,2025-10-07T09:00
B-02446,R-020,Pool,2025-10-04T10:00,2025-10-07T10:00
B-02447,R-056,Badminton,2025-10-04T10:30,2025-10-05T16:30
B-02448,R-027,Badminton,2025-10-04T13:30,2025-10-04T21:30
B-02449,R-001,Pool,2025-10-04T16:00,2025-10-05T10:00
B-02450,R-096,Badminton,2025-10-04T18:00,2025-10-07T18:00
B-02451,R-011,Pool,2025-10-04T18:15,2025-10-05T18:15
B-02452,R-005,Clubhouse,2025-10-04T21:00,2025-10-07T21:00
B-02453,R-003,Gym,2025-10-05T01:30,2025-10-06T07:30
B-02454,R-041,Pool,2025-10-05T02:30,2025-10-05T20:30
B-02455,R-003,Gym,2025-10-05T03:00,2025-10-06T09:00
B-02456,R-016,Clubhouse,2025-10-05T08:00,2025-10-07T08:00
B-02457,R-016,Clubhouse,2025-10-05T08:30,2025-10-07T08:30
B-02458,R-005,Clubhouse,2025-10-05T09:00,2025-10-07T21:00
B-02459,R-006,Gym,2025-10-05T10:00,2025-10-05T18:00
B-02460,R-132,Badminton,2025-10-05T12:15,2025-10-06T06:15
B-02461,R-107,Gym,2025-10-05T13:00,2025-10-06T07:00
B-02462,R-010,Gym,2025-10-05T14:00,2025-10-06T20:00
B-02463,R-019,Badminton,2025-10-05T15:15,2025-10-05T19:15
B-02464,R-030,Gym,2025-10-05T16:00,2025-10-07T16:00
B-02465,R-072,Badminton,2025-10-05T21:00,2025-10-07T21:00
B-02466,R-009,Gym,2025-10-05T21:45,2025-10-06T21:45
B-02467,R-009,Gym,2025-10-06T03:30,2025-10-06T07:30
B-02468,R-013,Gym,2025-10-06T05:15,2025-10-06T07:15
B-02469,R-086,Badminton,2025-10-06T07:30,2025-10-09T07:30
B-02470,R-023,Gym,2025-10-06T16:45,2025-10-06T18:45
B-02471,R-073,Gym,2025-10-06T17:00,2025-10-06T21:00
B-02472,R-054,Gym,2025-10-06T17:30,2025-10-06T18:30
B-02473,R-011,Pool,2025-10-06T18:30,2025-10-10T18:30
B-02474,R-032,Gym,2025-10-06T19:30,2025-10-09T07:30
B-02475,R-009,Gym,2025-10-06T20:45,2025-10-06T21:45
B-02476,R-017,Gym,2025-10-07T01:30,2025-10-07T19:30
B-02477,R-011,Badminton,2025-10-07T08:00,2025-10-10T08:00
B-02478,R-138,Pool,2025-10-07T08:00,2025-10-10T08:00
B-02479,R-093,Pool,2025-10-07T10:45,2025-10-10T10:45
B-02480,R-088,Gym,2025-10-07T16:45,2025-10-10T16:45
B-02481,R-058,Gym,2025-10-08T00:00,2025-10-09T06:00
B-02482,R-052,Gym,2025-10-08T07:30,2025-10-08T09:30
B-02483,R-006,Pool,2025-10-08T09:00,2025-10-10T21:00
B-02484,R-060,Gym,2025-10-08T16:30,2025-10-09T10:30
B-02485,R-125,Gym,2025-10-08T16:30,2025-10-10T16:30
B-02486,R-015,Multipurpose Hall,2025-10-08T18:00,2025-10-08T20:00
B-02487,R-015,Multipurpose Hall,2025-10-08T18:45,2025-10-08T20:45
B-02488,R-011,Gym,2025-10-09T08:15,2025-10-12T08:15
B-02489,R-021,Gym,2025-10-09T08:45,2025-10-09T16:45
B-02490,R-049,Pool,2025-10-09T13:15,2025-10-09T21:15
B-02491,R-002,Gym,2025-10-09T19:00,2025-10-12T19:00
B-02492,R-044,Gym,2025-10-09T21:15,2025-10-10T09:15
B-02493,R-006,Pool,2025-10-09T22:00,2025-10-10T06:00
B-02494,R-006,Pool,2025-10-09T22:00,2025-10-10T06:00
B-02495,R-068,Pool,2025-10-10T01:00,2025-10-11T07:00
B-02496,R-068,Pool,2025-10-10T03:15,2025-10-11T09:15
B-02497,R-011,Badminton,2025-10-10T08:00,2025-10-13T08:00
B-02498,R-081,Pool,2025-10-10T09:00,2025-10-10T17:00
B-02499,R-008,Pool,2025-10-10T09:45,2025-10-12T21:45
B-02500,R-130,Pool,2025-10-10T15:00,2025-10-10T19:00
B-02501,R-077,Gym,2025-10-10T18:15,2025-10-12T18:15
B-02502,R-041,Gym,2025-10-10T21:00,2025-10-13T09:00
B-02503,R-094,Gym,2025-10-11T02:00,2025-10-12T08:00
B-02504,R-010,Pool,2025-10-11T03:45,2025-10-12T09:45
B-02505,R-066,Badminton,2025-10-11T04:30,2025-10-12T10:30
B-02506,R-124,Gym,2025-10-11T06:15,2025-10-14T06:15
B-02507,R-033,Badminton,2025-10-11T08:15,2025-10-12T08:15
B-02508,R-007,Clubhouse,2025-10-11T08:15,2025-10-14T08:15
B-02509,R-108,Multipurpose Hall,2025-10-11T10:00,2025-10-13T10:00
B-02510,R-028,Pool,2025-10-11T14:00,2025-10-12T20:00
B-02511,R-031,Pool,2025-10-11T14:45,2025-10-11T16:45
B-02512,R-017,Gym,2025-10-11T15:45,2025-10-11T19:45
B-02513,R-026,Gym,2025-10-11T16:00,2025-10-11T18:00
B-02514,R-043,Pool,2025-10-11T16:00,2025-10-13T16:00
B-02515,R-117,Clubhouse,2025-10-11T16:30,2025-10-13T16:30
B-02516,R-007,Clubhouse,2025-10-11T18:00,2025-10-14T18:00
B-02517,R-008,Gym,2025-10-11T21:00,2025-10-12T09:00
B-02518,R-008,Pool,2025-10-11T21:15,2025-10-12T21:15
B-02519,R-124,Gym,2025-10-11T22:15,2025-10-14T10:15
B-02520,R-051,Gym,2025-10-12T00:00,2025-10-13T06:00
B-02521,R-022,Gym,2025-10-12T06:00,2025-10-12T18:00
B-02522,R-010,Gym,2025-10-12T07:00,2025-10-13T07:00
B-02523,R-016,Clubhouse,2025-10-12T07:45,2025-10-14T07:45
B-02524,R-011,Badminton,2025-10-12T08:00,2025-10-15T08:00
B-02525,R-113,Gym,2025-10-12T10:15,2025-10-12T18:15
B-02526,R-006,Pool,2025-10-12T10:30,2025-10-12T18:30
B-02527,R-013,Badminton,2025-10-12T16:45,2025-10-12T18:45
B-02528,R-063,Gym,2025-10-12T20:00,2025-10-15T20:00
B-02529,R-137,Pool,2025-10-12T20:30,2025-10-12T21:30
B-02530,R-010,Gym,2025-10-12T21:15,2025-10-13T09:15
B-02531,R-062,Pool,2025-10-13T01:15,2025-10-13T19:15
B-02532,R-009,Gym,2025-10-13T08:30,2025-10-13T10:30
B-02533,R-017,Pool,2025-10-13T14:00,2025-10-14T08:00
B-02534,R-023,Gym,2025-10-13T14:45,2025-10-13T16:45
B-02535,R-024,Pool,2025-10-13T18:00,2025-10-16T18:00
B-02536,R-022,Badminton,2025-10-13T18:45,2025-10-14T18:45
B-02537,R-017,Badminton,2025-10-13T19:00,2025-10-14T19:00
B-02538,R-103,Multipurpose Hall,2025-10-13T20:00,2025-10-14T08:00
B-02539,R-004,Gym,2025-10-13T22:30,2025-10-16T10:30
B-02540,R-103,Multipurpose Hall,2025-10-14T07:45,2025-10-14T19:45
B-02541,R-109,Multipurpose Hall,2025-10-14T10:15,2025-10-17T10:15
B-02542,R-082,Gym,2025-10-14T13:00,2025-10-15T07:00
B-02543,R-105,Pool,2025-10-14T16:45,2025-10-14T18:45
B-02544,R-053,Gym,2025-10-14T21:00,2025-10-17T21:00
B-02545,R-021,Gym,2025-10-14T22:00,2025-10-15T06:00
B-02546,R-015,Multipurpose Hall,2025-10-15T06:00,2025-10-15T08:00
B-02547,R-110,Gym,2025-10-15T07:30,2025-10-15T09:30
B-02548,R-021,Gym,2025-10-15T08:00,2025-10-15T16:00
B-02549,R-021,Badminton,2025-10-15T08:45,2025-10-15T16:45
B-02550,R-020,Gym,2025-10-15T10:00,2025-10-18T10:00
B-02551,R-101,Gym,2025-10-15T11:15,2025-10-16T17:15
B-02552,R-101,Gym,2025-10-15T11:30,2025-10-16T17:30
B-02553,R-003,Pool,2025-10-16T03:00,2025-10-17T09:00
B-02554,R-033,Clubhouse,2025-10-16T10:45,2025-10-19T10:45
B-02555,R-008,Pool,2025-10-16T13:00,2025-10-16T21:00
B-02556,R-050,Clubhouse,2025-10-16T16:30,2025-10-16T18:30
B-02557,R-002,Gym,2025-10-16T19:45,2025-10-19T19:45
B-02558,R-002,Gym,2025-10-16T19:45,2025-10-19T19:45
B-02559,R-006,Pool,2025-10-16T22:00,2025-10-17T06:00
B-02560,R-047,Pool,2025-10-16T22:30,2025-10-17T06:30
B-02561,R-006,Pool,2025-10-17T02:45,2025-10-17T10:45
B-02562,R-055,Multipurpose Hall,2025-10-17T07:00,2025-10-17T09:00
B-02563,R-047,Pool,2025-10-17T09:00,2025-10-17T17:00
B-02564,R-081,Pool,2025-10-17T09:30,2025-10-17T17:30
B-02565,R-027,Badminton,2025-10-17T13:00,2025-10-17T21:00
B-02566,R-027,Badminton,2025-10-17T13:15,2025-10-17T21:15
B-02567,R-028,Gym,2025-10-17T14:00,2025-10-18T20:00
B-02568,R-117,Gym,2025-10-17T16:45,2025-10-19T16:45
B-02569,R-002,Gym,2025-10-17T17:15,2025-10-20T17:15
B-02570,R-004,Multipurpose Hall,2025-10-17T18:00,2025-10-19T18:00
B-02571,R-024,Pool,2025-10-17T18:00,2025-10-21T18:00
B-02572,R-043,Gym,2025-10-17T18:30,2025-10-19T18:30
B-02573,R-011,Badminton,2025-10-17T20:15,2025-10-18T08:15
B-02574,R-056,Pool,2025-10-18T00:00,2025-10-19T06:00
B-02575,R-084,Multipurpose Hall,2025-10-18T00:45,2025-10-18T18:45
B-02576,R-035,Gym,2025-10-18T01:00,2025-10-18T09:00
B-02577,R-010,Gym,2025-10-18T07:00,2025-10-20T19:00
B-02578,R-127,Badminton,2025-10-18T07:45,2025-10-20T07:45
B-02579,R-007,Clubhouse,2025-10-18T08:00,2025-10-21T08:00
B-02580,R-075,Gym,2025-10-18T09:00,2025-10-21T09:00
B-02581,R-041,Pool,2025-10-18T15:00,2025-10-19T09:00
B-02582,R-026,Gym,2025-10-18T16:00,2025-10-18T18:00
B-02583,R-001,Pool,2025-10-18T16:30,2025-10-19T10:30
B-02584,R-041,Pool,2025-10-19T08:45,2025-10-19T09:45
B-02585,R-041,Pool,2025-10-19T15:15,2025-10-19T19:15
B-02586,R-118,Badminton,2025-10-19T15:30,2025-10-19T17:30
B-02587,R-025,Clubhouse,2025-10-19T16:15,2025-10-19T17:15
B-02588,R-018,Gym,2025-10-20T02:00,2025-10-20T10:00
B-02589,R-129,Clubhouse,2025-10-20T04:45,2025-10-20T08:45
B-02590,R-011,Badminton,2025-10-20T08:30,2025-10-24T08:30
B-02591,R-124,Gym,2025-10-20T10:30,2025-10-23T10:30
B-02592,R-099,Multipurpose Hall,2025-10-20T18:15,2025-10-23T18:15
B-02593,R-006,Pool,2025-10-20T22:15,2025-10-21T06:15
B-02594,R-011,Badminton,2025-10-21T08:00,2025-10-24T08:00
B-02595,R-004,Clubhouse,2025-10-21T09:00,2025-10-23T09:00
B-02596,R-004,Clubhouse,2025-10-21T10:00,2025-10-23T10:00
B-02597,R-082,Pool,2025-10-21T16:30,2025-10-22T10:30
B-02598,R-004,Clubhouse,2025-10-21T21:00,2025-10-23T21:00
B-02599,R-003,Gym,2025-10-22T03:45,2025-10-23T09:45
B-02600,R-136,Clubhouse,2025-10-22T13:00,2025-10-23T19:00
B-02601,R-125,Gym,2025-10-22T21:30,2025-10-24T21:30
B-02602,R-057,Multipurpose Hall,2025-10-23T07:45,2025-10-26T07:45
B-02603,R-029,Gym,2025-10-23T08:45,2025-10-26T08:45
B-02604,R-002,Gym,2025-10-23T10:45,2025-10-26T10:45
B-02605,R-046,Pool,2025-10-23T18:00,2025-10-23T20:00
B-02606,R-030,Gym,2025-10-23T18:00,2025-10-24T06:00
B-02607,R-032,Gym,2025-10-23T19:15,2025-10-26T07:15
B-02608,R-005,Multipurpose Hall,2025-10-23T20:00,2025-10-26T20:00
B-02609,R-006,Pool,2025-10-23T22:00,2025-10-24T06:00
B-02610,R-084,Gym,2025-10-24T02:30,2025-10-24T20:30
B-02611,R-003,Pool,2025-10-24T03:30,2025-10-25T09:30
B-02612,R-055,Pool,2025-10-24T07:00,2025-10-24T09:00
B-02613,R-090,Pool,2025-10-24T15:45,2025-10-25T09:45
B-02614,R-056,Multipurpose Hall,2025-10-24T16:30,2025-10-24T17:30
B-02615,R-007,Clubhouse,2025-10-24T21:45,2025-10-28T21:45
B-02616,R-070,Gym,2025-10-25T01:30,2025-10-26T07:30
B-02617,R-067,Gym,2025-10-25T07:00,2025-10-28T07:00
B-02618,R-108,Pool,2025-10-25T10:00,2025-10-27T10:00
B-02619,R-028,Badminton,2025-10-25T14:30,2025-10-26T20:30
B-02620,R-092,Clubhouse,2025-10-25T15:00,2025-10-26T21:00
B-02621,R-026,Gym,2025-10-25T16:00,2025-10-25T18:00
B-02622,R-001,Pool,2025-10-25T16:00,2025-10-26T10:00
B-02623,R-043,Clubhouse,2025-10-25T16:00,2025-10-27T16:00
B-02624,R-127,Badminton,2025-10-25T16:00,2025-10-27T16:00
B-02625,R-026,Gym,2025-10-25T16:30,2025-10-25T18:30
B-02626,R-117,Clubhouse,2025-10-25T16:45,2025-10-27T16:45
B-02627,R-101,Badminton,2025-10-25T18:30,2025-10-26T18:30
B-02628,R-083,Gym,2025-10-25T22:45,2025-10-26T16:45
B-02629,R-001,Pool,2025-10-26T00:00,2025-10-26T18:00
B-02630,R-012,Clubhouse,2025-10-26T01:00,2025-10-26T19:00
B-02631,R-001,Badminton,2025-10-26T02:45,2025-10-26T20:45
B-02632,R-081,Gym,2025-10-26T06:30,2025-10-26T18:30
B-02633,R-012,Clubhouse,2025-10-26T07:00,2025-10-26T19:00
B-02634,R-012,Clubhouse,2025-10-26T07:15,2025-10-28T19:15
B-02635,R-016,Clubhouse,2025-10-26T07:30,2025-10-28T07:30
B-02636,R-014,Clubhouse,2025-10-26T08:00,2025-10-26T10:00
B-02637,R-010,Gym,2025-10-26T13:15,2025-10-27T19:15
B-02638,R-008,Pool,2025-10-26T13:45,2025-10-26T21:45
B-02639,R-063,Gym,2025-10-26T14:00,2025-10-26T18:00
B-02640,R-034,Clubhouse,2025-10-26T18:45,2025-10-28T18:45
B-02641,R-103,Multipurpose Hall,2025-10-27T02:15,2025-10-28T08:15
B-02642,R-018,Gym,2025-10-27T02:30,2025-10-27T10:30
B-02643,R-031,Gym,2025-10-27T05:15,2025-10-29T17:15
B-02644,R-023,Gym,2025-10-27T14:15,2025-10-27T16:15
B-02645,R-022,Gym,2025-10-27T14:45,2025-10-28T08:45
B-02646,R-003,Clubhouse,2025-10-27T15:00,2025-10-28T21:00
B-02647,R-015,Gym,2025-10-27T16:00,2025-10-27T18:00
B-02648,R-095,Pool,2025-10-27T16:00,2025-10-28T16:00
B-02649,R-053,Clubhouse,2025-10-27T18:00,2025-10-30T18:00
B-02650,R-122,Clubhouse,2025-10-27T20:15,2025-10-27T21:15
B-02651,R-016,Clubhouse,2025-10-28T06:30,2025-10-30T06:30
B-02652,R-109,Badminton,2025-10-28T09:15,2025-10-31T09:15
B-02653,R-020,Pool,2025-10-28T10:45,2025-10-31T10:45
B-02654,R-072,Multipurpose Hall,2025-10-28T18:15,2025-10-30T18:15
B-02655,R-037,Clubhouse,2025-10-28T20:15,2025-10-30T20:15
B-02656,R-058,Gym,2025-10-29T01:00,2025-10-30T07:00
B-02657,R-031,Gym,2025-10-29T06:00,2025-10-29T10:00
B-02658,R-021,Gym,2025-10-29T08:00,2025-10-29T16:00
B-02659,R-044,Gym,2025-10-29T09:15,2025-10-31T09:15
B-02660,R-113,Gym,2025-10-29T10:00,2025-10-29T18:00
B-02661,R-115,Gym,2025-10-29T10:45,2025-10-30T16:45
B-02662,R-100,Gym,2025-10-29T11:30,2025-10-30T17:30
B-02663,R-036,Pool,2025-10-29T12:15,2025-10-29T20:15
B-02664,R-015,Gym,2025-10-29T18:00,2025-10-29T20:00
B-02665,R-015,Pool,2025-10-29T18:30,2025-10-29T20:30
B-02666,R-005,Multipurpose Hall,2025-10-29T21:00,2025-11-01T21:00
B-02667,R-121,Pool,2025-10-30T06:30,2025-11-01T06:30
B-02668,R-006,Pool,2025-10-30T06:45,2025-10-31T06:45
B-02669,R-041,Pool,2025-10-30T21:00,2025-11-02T09:00
B-02670,R-047,Pool,2025-10-30T22:00,2025-10-31T06:00
B-02671,R-006,Pool,2025-10-30T22:30,2025-10-31T06:30
B-02672,R-070,Clubhouse,2025-10-31T01:15,2025-11-01T07:15
B-02673,R-022,Multipurpose Hall,2025-10-31T02:45,2025-10-31T20:45
B-02674,R-120,Gym,2025-10-31T06:30,2025-11-03T06:30
B-02675,R-055,Multipurpose Hall,2025-10-31T07:30,2025-10-31T09:30
B-02676,R-027,Badminton,2025-10-31T13:45,2025-10-31T21:45
B-02677,R-054,Pool,2025-10-31T18:45,2025-11-03T18:45
B-02678,R-048,Multipurpose Hall,2025-10-31T22:30,2025-11-01T06:30
B-02679,R-004,Clubhouse,2025-10-31T22:45,2025-11-03T10:45
B-02680,R-094,Gym,2025-11-01T02:15,2025-11-02T08:15
B-02681,R-007,Clubhouse,2025-11-01T08:00,2025-11-04T08:00
B-02682,R-124,Gym,2025-11-01T10:00,2025-11-04T10:00
B-02683,R-020,Pool,2025-11-01T10:15,2025-11-04T10:15
B-02684,R-082,Gym,2025-11-01T13:00,2025-11-02T07:00
B-02685,R-015,Multipurpose Hall,2025-11-01T15:00,2025-11-01T17:00
B-02686,R-001,Pool,2025-11-01T16:45,2025-11-02T10:45
B-02687,R-013,Gym,2025-11-01T18:15,2025-11-01T20:15
B-02688,R-017,Gym,2025-11-01T18:15,2025-11-02T18:15
B-02689,R-076,Gym,2025-11-01T21:00,2025-11-04T09:00
B-02690,R-096,Clubhouse,2025-11-01T21:00,2025-11-04T21:00
B-02691,R-083,Gym,2025-11-02T00:00,2025-11-02T18:00
B-02692,R-003,Pool,2025-11-02T03:45,2025-11-03T09:45
B-02693,R-010,Gym,2025-11-02T10:45,2025-11-03T16:45
B-02694,R-008,Gym,2025-11-02T13:00,2025-11-02T21:00
B-02695,R-008,Pool,2025-11-02T13:00,2025-11-02T21:00
B-02696,R-010,Gym,2025-11-02T13:00,2025-11-03T19:00
B-02697,R-039,Gym,2025-11-02T16:00,2025-11-02T18:00
B-02698,R-008,Pool,2025-11-02T17:30,2025-11-02T21:30
B-02699,R-018,Pool,2025-11-03T02:00,2025-11-03T10:00
B-02700,R-018,Gym,2025-11-03T02:45,2025-11-03T10:45
B-02701,R-003,Gym,2025-11-03T05:30,2025-11-03T09:30
B-02702,R-085,Gym,2025-11-03T07:30,2025-11-05T07:30
B-02703,R-007,Clubhouse,2025-11-03T08:15,2025-11-06T08:15
B-02704,R-009,Gym,2025-11-03T15:00,2025-11-03T17:00
B-02705,R-025,Gym,2025-11-03T16:00,2025-11-04T10:00
B-02706,R-106,Gym,2025-11-04T01:00,2025-11-04T09:00
B-02707,R-084,Gym,2025-11-04T02:00,2025-11-04T20:00
B-02708,R-078,Badminton,2025-11-04T03:00,2025-11-05T09:00
B-02709,R-124,Gym,2025-11-04T06:00,2025-11-04T18:00
B-02710,R-011,Badminton,2025-11-04T08:00,2025-11-07T08:00
B-02711,R-007,Gym,2025-11-04T08:45,2025-11-07T08:45
B-02712,R-008,Pool,2025-11-04T09:30,2025-11-06T21:30
B-02713,R-004,Clubhouse,2025-11-04T10:00,2025-11-06T10:00
B-02714,R-010,Gym,2025-11-04T13:45,2025-11-05T19:45
B-02715,R-031,Gym,2025-11-04T14:00,2025-11-04T16:00
B-02716,R-013,Gym,2025-11-04T15:00,2025-11-04T17:00
B-02717,R-028,Pool,2025-11-04T18:15,2025-11-08T18:15
B-02718,R-058,Gym,2025-11-05T01:00,2025-11-06T07:00
B-02719,R-070,Gym,2025-11-05T03:00,2025-11-05T07:00
B-02720,R-022,Gym,2025-11-05T03:00,2025-11-05T21:00
B-02721,R-080,Pool,2025-11-05T17:00,2025-11-05T18:00
B-02722,R-042,Pool,2025-11-05T19:30,2025-11-05T20:30
B-02723,R-058,Badminton,2025-11-05T19:30,2025-11-06T19:30
B-02724,R-056,Badminton,2025-11-06T00:00,2025-11-07T06:00
B-02725,R-025,Gym,2025-11-06T02:30,2025-11-06T20:30
B-02726,R-002,Gym,2025-11-06T07:00,2025-11-09T07:00
B-02727,R-033,Badminton,2025-11-06T10:00,2025-11-09T10:00
B-02728,R-025,Gym,2025-11-06T16:00,2025-11-07T10:00
B-02729,R-050,Pool,2025-11-06T16:15,2025-11-06T18:15
B-02730,R-069,Gym,2025-11-06T19:15,2025-11-08T19:15
B-02731,R-002,Gym,2025-11-06T19:15,2025-11-09T19:15
B-02732,R-006,Pool,2025-11-06T22:00,2025-11-07T06:00
B-02733,R-006,Pool,2025-11-06T22:15,2025-11-07T06:15
B-02734,R-053,Gym,2025-11-07T09:15,2025-11-07T21:15
B-02735,R-092,Gym,2025-11-07T11:30,2025-11-08T17:30
B-02736,R-062,Pool,2025-11-07T12:45,2025-11-08T06:45
B-02737,R-028,Pool,2025-11-07T14:15,2025-11-08T20:15
B-02738,R-105,Gym,2025-11-07T16:30,2025-11-07T18:30
B-02739,R-035,Gym,2025-11-08T01:45,2025-11-08T09:45
B-02740,R-007,Clubhouse,2025-11-08T08:00,2025-11-11T08:00
B-02741,R-061,Gym,2025-11-08T12:00,2025-11-09T18:00
B-02742,R-014,Clubhouse,2025-11-08T14:15,2025-11-08T16:15
B-02743,R-102,Gym,2025-11-08T15:15,2025-11-09T09:15
B-02744,R-128,Badminton,2025-11-08T16:00,2025-11-08T18:00
B-02745,R-020,Pool,2025-11-08T18:00,2025-11-11T18:00
B-02746,R-016,Multipurpose Hall,2025-11-08T18:45,2025-11-10T18:45
B-02747,R-001,Gym,2025-11-08T19:45,2025-11-08T20:45
B-02748,R-103,Multipurpose Hall,2025-11-09T02:15,2025-11-10T08:15
B-02749,R-026,Gym,2025-11-09T08:30,2025-11-09T10:30
B-02750,R-003,Gym,2025-11-09T09:00,2025-11-10T09:00
B-02751,R-057,Pool,2025-11-09T09:15,2025-11-12T09:15
B-02752,R-121,Pool,2025-11-09T09:45,2025-11-11T09:45
B-02753,R-010,Gym,2025-11-09T11:00,2025-11-10T17:00
B-02754,R-010,Gym,2025-11-09T17:00,2025-11-09T18:00
B-02755,R-030,Gym,2025-11-09T17:30,2025-11-11T17:30
B-02756,R-076,Gym,2025-11-09T17:45,2025-11-11T17:45
B-02757,R-069,Gym,2025-11-09T19:15,2025-11-11T19:15
B-02758,R-032,Badminton,2025-11-09T21:00,2025-11-12T21:00
B-02759,R-062,Pool,2025-11-10T01:00,2025-11-10T19:00
B-02760,R-062,Pool,2025-11-10T01:00,2025-11-10T19:00
B-02761,R-016,Clubhouse,2025-11-10T06:00,2025-11-12T06:00
B-02762,R-032,Gym,2025-11-10T07:45,2025-11-13T07:45
B-02763,R-007,Clubhouse,2025-11-10T08:00,2025-11-13T08:00
B-02764,R-009,Gym,2025-11-10T19:30,2025-11-10T21:30
B-02765,R-003,Gym,2025-11-10T19:30,2025-11-11T07:30
B-02766,R-086,Badminton,2025-11-10T20:00,2025-11-13T20:00
B-02767,R-106,Gym,2025-11-10T23:30,2025-11-11T07:30
B-02768,R-070,Gym,2025-11-11T01:15,2025-11-12T07:15
B-02769,R-078,Badminton,2025-11-11T03:00,2025-11-12T09:00
B-02770,R-136,Clubhouse,2025-11-11T05:30,2025-11-13T17:30
B-02771,R-011,Pool,2025-11-11T06:00,2025-11-14T06:00
B-02772,R-071,Pool,2025-11-11T07:00,2025-11-11T19:00
B-02773,R-106,Gym,2025-11-11T08:15,2025-11-11T09:15
B-02774,R-038,Gym,2025-11-11T09:00,2025-11-13T09:00
B-02775,R-004,Clubhouse,2025-11-11T10:00,2025-11-13T10:00
B-02776,R-033,Badminton,2025-11-11T10:00,2025-11-14T10:00
B-02777,R-105,Pool,2025-11-11T16:00,2025-11-11T18:00
B-02778,R-067,Gym,2025-11-11T16:30,2025-11-11T20:30
B-02779,R-009,Gym,2025-11-11T18:00,2025-11-11T20:00
B-02780,R-093,Pool,2025-11-11T19:45,2025-11-14T19:45
B-02781,R-138,Pool,2025-11-11T21:45,2025-11-14T21:45
B-02782,R-045,Gym,2025-11-12T05:00,2025-11-12T09:00
B-02783,R-031,Gym,2025-11-12T14:45,2025-11-12T16:45
B-02784,R-015,Multipurpose Hall,2025-11-12T16:30,2025-11-12T20:30
B-02785,R-015,Multipurpose Hall,2025-11-12T18:00,2025-11-12T20:00
B-02786,R-005,Clubhouse,2025-11-12T21:00,2025-11-15T21:00
B-02787,R-005,Clubhouse,2025-11-12T21:00,2025-11-15T21:00
B-02788,R-005,Clubhouse,2025-11-12T21:45,2025-11-15T21:45
B-02789,R-014,Clubhouse,2025-11-13T04:15,2025-11-15T16:15
B-02790,R-046,Pool,2025-11-13T05:00,2025-11-13T07:00
B-02791,R-033,Badminton,2025-11-13T10:00,2025-11-16T10:00
B-02792,R-061,Clubhouse,2025-11-13T14:00,2025-11-14T20:00
B-02793,R-043,Pool,2025-11-13T16:00,2025-11-15T16:00
B-02794,R-022,Badminton,2025-11-13T20:45,2025-11-14T20:45
B-02795,R-006,Pool,2025-11-13T22:00,2025-11-14T06:00
B-02796,R-047,Pool,2025-11-13T23:00,2025-11-14T07:00
B-02797,R-018,Gym,2025-11-14T02:15,2025-11-14T10:15
B-02798,R-132,Badminton,2025-11-14T03:00,2025-11-14T21:00
B-02799,R-049,Pool,2025-11-14T06:30,2025-11-15T06:30
B-02800,R-055,Multipurpose Hall,2025-11-14T07:30,2025-11-14T09:30
B-02801,R-019,Badminton,2025-11-14T07:45,2025-11-16T07:45
B-02802,R-097,Clubhouse,2025-11-14T08:15,2025-11-17T08:15
B-02803,R-129,Clubhouse,2025-11-14T08:15,2025-11-17T08:15
B-02804,R-019,Badminton,2025-11-14T10:00,2025-11-16T10:00
B-02805,R-027,Badminton,2025-11-14T12:00,2025-11-14T20:00
B-02806,R-007,Clubhouse,2025-11-15T08:15,2025-11-18T08:15
B-02807,R-026,Gym,2025-11-15T16:15,2025-11-15T18:15
B-02808,R-043,Pool,2025-11-15T16:15,2025-11-17T16:15
B-02809,R-037,Clubhouse,2025-11-15T18:00,2025-11-17T18:00
B-02810,R-019,Badminton,2025-11-15T19:00,2025-11-17T19:00
B-02811,R-020,Pool,2025-11-15T20:00,2025-11-18T20:00
B-02812,R-046,Pool,2025-11-15T20:15,2025-11-19T20:15
B-02813,R-040,Multipurpose Hall,2025-11-16T01:30,2025-11-16T09:30
B-02814,R-102,Gym,2025-11-16T01:30,2025-11-16T19:30
B-02815,R-087,Badminton,2025-11-16T02:15,2025-11-16T10:15
B-02816,R-087,Badminton,2025-11-16T02:30,2025-11-16T10:30
B-02817,R-010,Gym,2025-11-16T03:30,2025-11-17T09:30
B-02818,R-021,Gym,2025-11-16T08:00,2025-11-16T16:00
B-02819,R-100,Multipurpose Hall,2025-11-16T11:30,2025-11-17T17:30
B-02820,R-006,Gym,2025-11-16T12:15,2025-11-16T20:15
B-02821,R-010,Gym,2025-11-16T12:45,2025-11-17T18:45
B-02822,R-008,Pool,2025-11-16T13:30,2025-11-16T21:30
B-02823,R-010,Gym,2025-11-16T13:30,2025-11-17T19:30
B-02824,R-009,Badminton,2025-11-16T16:30,2025-11-16T18:30
B-02825,R-009,Gym,2025-11-16T19:15,2025-11-16T21:15
B-02826,R-002,Gym,2025-11-16T20:00,2025-11-16T21:00
B-02827,R-111,Gym,2025-11-17T01:45,2025-11-17T19:45
B-02828,R-062,Pool,2025-11-17T02:45,2025-11-17T20:45
B-02829,R-023,Badminton,2025-11-17T04:00,2025-11-17T16:00
B-02830,R-052,Pool,2025-11-17T07:00,2025-11-17T09:00
B-02831,R-007,Clubhouse,2025-11-17T08:15,2025-11-18T08:15
B-02832,R-081,Pool,2025-11-17T09:30,2025-11-17T17:30
B-02833,R-121,Pool,2025-11-17T09:30,2025-11-19T09:30
B-02834,R-025,Gym,2025-11-17T16:00,2025-11-18T10:00
B-02835,R-076,Gym,2025-11-17T17:00,2025-11-18T17:00
B-02836,R-059,Pool,2025-11-17T17:45,2025-11-17T19:45
B-02837,R-099,Gym,2025-11-17T18:15,2025-11-20T18:15
B-02838,R-010,Gym,2025-11-18T07:00,2025-11-18T19:00
B-02839,R-034,Multipurpose Hall,2025-11-18T07:30,2025-11-20T07:30
B-02840,R-070,Gym,2025-11-18T07:30,2025-11-22T07:30
B-02841,R-004,Clubhouse,2025-11-18T10:00,2025-11-20T10:00
B-02842,R-033,Badminton,2025-11-18T10:15,2025-11-21T10:15
B-02843,R-004,Clubhouse,2025-11-18T10:45,2025-11-20T10:45
B-02844,R-079,Gym,2025-11-18T14:30,2025-11-18T16:30
B-02845,R-025,Gym,2025-11-18T16:00,2025-11-19T10:00
B-02846,R-003,Gym,2025-11-19T02:00,2025-11-20T08:00
B-02847,R-021,Gym,2025-11-19T08:15,2025-11-19T16:15
B-02848,R-027,Badminton,2025-11-19T09:15,2025-11-21T21:15
B-02849,R-044,Gym,2025-11-19T09:45,2025-11-21T09:45
B-02850,R-115,Gym,2025-11-19T10:00,2025-11-20T16:00
B-02851,R-018,Gym,2025-11-19T13:00,2025-11-19T21:00
B-02852,R-036,Pool,2025-11-19T13:30,2025-11-19T21:30
B-02853,R-031,Gym,2025-11-19T14:00,2025-11-19T16:00
B-02854,R-013,Gym,2025-11-19T18:00,2025-11-19T20:00
B-02855,R-110,Gym,2025-11-19T18:15,2025-11-19T20:15
B-02856,R-004,Clubhouse,2025-11-20T02:00,2025-11-20T06:00
B-02857,R-137,Badminton,2025-11-20T03:30,2025-11-20T21:30
B-02858,R-050,Pool,2025-11-20T16:45,2025-11-20T18:45
B-02859,R-067,Gym,2025-11-20T18:00,2025-11-23T18:00
B-02860,R-019,Badminton,2025-11-20T19:00,2025-11-22T19:00
B-02861,R-002,Gym,2025-11-20T19:15,2025-11-23T19:15
B-02862,R-057,Pool,2025-11-20T19:30,2025-11-23T07:30
B-02863,R-006,Pool,2025-11-20T22:00,2025-11-21T06:00
B-02864,R-006,Pool,2025-11-20T22:45,2025-11-21T06:45
B-02865,R-140,Clubhouse,2025-11-21T03:00,2025-11-22T09:00
B-02866,R-116,Gym,2025-11-21T06:15,2025-11-23T06:15
B-02867,R-049,Pool,2025-11-21T11:15,2025-11-21T19:15
B-02868,R-117,Clubhouse,2025-11-21T16:00,2025-11-23T16:00
B-02869,R-104,Gym,2025-11-21T17:00,2025-11-24T17:00
B-02870,R-039,Pool,2025-11-21T18:00,2025-11-22T18:00
B-02871,R-077,Gym,2025-11-21T18:00,2025-11-23T18:00
B-02872,R-111,Badminton,2025-11-22T01:00,2025-11-22T19:00
B-02873,R-026,Gym,2025-11-22T05:45,2025-11-22T07:45
B-02874,R-052,Gym,2025-11-22T09:30,2025-11-26T09:30
B-02875,R-010,Pool,2025-11-22T12:30,2025-11-23T18:30
B-02876,R-014,Clubhouse,2025-11-22T14:30,2025-11-22T16:30
B-02877,R-039,Pool,2025-11-22T15:00,2025-11-22T17:00
B-02878,R-102,Gym,2025-11-22T15:45,2025-11-23T09:45
B-02879,R-059,Multipurpose Hall,2025-11-22T17:00,2025-11-22T19:00
B-02880,R-005,Clubhouse,2025-11-22T17:15,2025-11-22T21:15
B-02881,R-096,Clubhouse,2025-11-22T19:30,2025-11-25T19:30
B-02882,R-025,Gym,2025-11-23T03:15,2025-11-23T21:15
B-02883,R-003,Multipurpose Hall,2025-11-23T03:15,2025-11-24T09:15
B-02884,R-016,Clubhouse,2025-11-23T07:30,2025-11-25T07:30
B-02885,R-122,Clubhouse,2025-11-23T13:30,2025-11-24T07:30
B-02886,R-019,Badminton,2025-11-23T15:00,2025-11-23T19:00
B-02887,R-030,Gym,2025-11-23T16:15,2025-11-25T16:15
B-02888,R-052,Gym,2025-11-23T21:00,2025-11-26T09:00
B-02889,R-018,Gym,2025-11-24T02:45,2025-11-24T10:45
B-02890,R-054,Gym,2025-11-24T06:15,2025-11-24T18:15
B-02891,R-018,Gym,2025-11-24T06:45,2025-11-24T07:45
B-02892,R-032,Gym,2025-11-24T06:45,2025-11-27T06:45
B-02893,R-086,Badminton,2025-11-24T07:00,2025-11-27T07:00
B-02894,R-111,Badminton,2025-11-24T07:45,2025-11-26T19:45
B-02895,R-118,Badminton,2025-11-24T15:00,2025-11-24T17:00
B-02896,R-025,Gym,2025-11-24T16:00,2025-11-25T10:00
B-02897,R-096,Clubhouse,2025-11-24T21:45,2025-11-25T09:45
B-02898,R-073,Gym,2025-11-25T01:45,2025-11-25T19:45
B-02899,R-078,Pool,2025-11-25T03:30,2025-11-26T09:30
B-02900,R-016,Clubhouse,2025-11-25T07:15,2025-11-27T07:15
B-02901,R-036,Gym,2025-11-25T08:00,2025-11-26T08:00
B-02902,R-011,Badminton,2025-11-25T08:00,2025-11-28T08:00
B-02903,R-011,Badminton,2025-11-25T08:00,2025-11-28T08:00
B-02904,R-034,Multipurpose Hall,2025-11-25T09:00,2025-11-27T09:00
B-02905,R-004,Pool,2025-11-25T10:00,2025-11-27T10:00
B-02906,R-004,Clubhouse,2025-11-25T10:15,2025-11-27T10:15
B-02907,R-105,Pool,2025-11-25T16:00,2025-11-25T18:00
B-02908,R-105,Pool,2025-11-25T16:30,2025-11-25T18:30
B-02909,R-015,Multipurpose Hall,2025-11-25T19:00,2025-11-25T20:00
B-02910,R-138,Pool,2025-11-25T19:15,2025-11-28T19:15
B-02911,R-053,Gym,2025-11-25T21:00,2025-11-28T21:00
B-02912,R-109,Badminton,2025-11-25T21:00,2025-11-28T21:00
B-02913,R-092,Gym,2025-11-25T21:15,2025-11-29T21:15
B-02914,R-053,Gym,2025-11-25T21:30,2025-11-28T21:30
B-02915,R-006,Pool,2025-11-25T22:45,2025-11-26T06:45
B-02916,R-021,Gym,2025-11-26T02:45,2025-11-26T10:45
B-02917,R-021,Gym,2025-11-26T08:00,2025-11-26T16:00
B-02918,R-044,Gym,2025-11-26T09:30,2025-11-28T09:30
B-02919,R-115,Gym,2025-11-26T10:15,2025-11-27T16:15
B-02920,R-049,Pool,2025-11-26T11:30,2025-11-26T19:30
B-02921,R-015,Gym,2025-11-26T16:00,2025-11-26T20:00
B-02922,R-093,Pool,2025-11-26T17:00,2025-11-29T17:00
B-02923,R-052,Pool,2025-11-26T19:15,2025-11-26T21:15
B-02924,R-005,Clubhouse,2025-11-26T21:00,2025-11-29T21:00
B-02925,R-005,Clubhouse,2025-11-26T21:00,2025-11-29T21:00
B-02926,R-005,Clubhouse,2025-11-26T21:00,2025-11-29T21:00
B-02927,R-121,Pool,2025-11-27T09:00,2025-11-29T09:00
B-02928,R-009,Gym,2025-11-27T15:00,2025-11-27T17:00
B-02929,R-104,Gym,2025-11-27T18:30,2025-11-30T18:30
B-02930,R-047,Pool,2025-11-27T22:30,2025-11-28T06:30
B-02931,R-001,Pool,2025-11-28T06:15,2025-11-28T10:15
B-02932,R-012,Clubhouse,2025-11-28T07:30,2025-11-30T19:30
B-02933,R-133,Clubhouse,2025-11-28T08:00,2025-11-30T08:00
B-02934,R-019,Pool,2025-11-28T19:15,2025-11-30T19:15
B-02935,R-062,Pool,2025-11-29T01:00,2025-11-29T19:00
B-02936,R-048,Multipurpose Hall,2025-11-29T11:00,2025-11-29T19:00
B-02937,R-098,Clubhouse,2025-11-29T11:30,2025-11-29T19:30
B-02938,R-014,Clubhouse,2025-11-29T14:15,2025-11-29T16:15
B-02939,R-139,Gym,2025-11-29T15:30,2025-11-30T09:30
B-02940,R-128,Badminton,2025-11-29T16:15,2025-11-29T18:15
B-02941,R-046,Pool,2025-11-29T16:15,2025-11-29T20:15
B-02942,R-039,Pool,2025-11-29T16:45,2025-11-29T18:45
B-02943,R-011,Pool,2025-11-29T18:00,2025-11-30T18:00
B-02944,R-003,Gym,2025-11-30T02:30,2025-12-01T08:30
B-02945,R-003,Gym,2025-11-30T03:15,2025-12-01T09:15
B-02946,R-003,Gym,2025-11-30T03:45,2025-12-01T09:45
B-02947,R-056,Badminton,2025-11-30T05:30,2025-11-30T06:30
B-02948,R-030,Gym,2025-11-30T06:30,2025-12-02T06:30
B-02949,R-029,Gym,2025-11-30T08:00,2025-12-03T08:00
B-02950,R-008,Gym,2025-11-30T10:00,2025-11-30T18:00
B-02951,R-021,Clubhouse,2025-11-30T10:15,2025-11-30T18:15
B-02952,R-115,Gym,2025-11-30T12:00,2025-11-30T16:00
B-02953,R-008,Pool,2025-11-30T13:00,2025-11-30T21:00
B-02954,R-010,Pool,2025-11-30T13:00,2025-12-01T19:00
B-02955,R-010,Gym,2025-11-30T14:00,2025-12-01T20:00
B-02956,R-016,Clubhouse,2025-11-30T17:00,2025-12-02T17:00
B-02957,R-033,Badminton,2025-11-30T17:30,2025-12-03T17:30
B-02958,R-030,Gym,2025-11-30T18:15,2025-12-02T18:15
B-02959,R-024,Pool,2025-11-30T18:15,2025-12-03T18:15
B-02960,R-024,Pool,2025-11-30T18:45,2025-12-03T18:45
B-02961,R-029,Gym,2025-11-30T19:30,2025-12-03T19:30
B-02962,R-089,Pool,2025-11-30T20:00,2025-12-03T08:00
B-02963,R-111,Badminton,2025-12-01T01:45,2025-12-01T19:45
B-02964,R-018,Gym,2025-12-01T02:00,2025-12-01T10:00
B-02965,R-132,Badminton,2025-12-01T03:30,2025-12-01T21:30
B-02966,R-086,Badminton,2025-12-01T07:00,2025-12-04T07:00
B-02967,R-009,Gym,2025-12-01T07:30,2025-12-01T09:30
B-02968,R-086,Badminton,2025-12-01T07:30,2025-12-04T07:30
B-02969,R-025,Gym,2025-12-01T16:15,2025-12-02T10:15
B-02970,R-009,Gym,2025-12-01T19:00,2025-12-01T21:00
B-02971,R-053,Badminton,2025-12-01T19:00,2025-12-04T19:00
B-02972,R-005,Clubhouse,2025-12-02T07:00,2025-12-06T07:00
B-02973,R-006,Pool,2025-12-02T10:00,2025-12-02T18:00
B-02974,R-033,Gym,2025-12-02T10:30,2025-12-06T10:30
B-02975,R-106,Gym,2025-12-02T12:15,2025-12-02T20:15
B-02976,R-002,Gym,2025-12-02T19:15,2025-12-05T19:15
B-02977,R-052,Gym,2025-12-03T04:00,2025-12-03T06:00
B-02978,R-015,Multipurpose Hall,2025-12-03T18:00,2025-12-03T20:00
B-02979,R-015,Multipurpose Hall,2025-12-03T18:00,2025-12-03T20:00
B-02980,R-035,Gym,2025-12-03T21:00,2025-12-06T09:00
B-02981,R-005,Clubhouse,2025-12-03T21:00,2025-12-06T21:00
B-02982,R-032,Gym,2025-12-04T06:00,2025-12-04T07:00
B-02983,R-002,Gym,2025-12-04T06:00,2025-12-07T06:00
B-02984,R-050,Pool,2025-12-04T08:15,2025-12-04T10:15
B-02985,R-088,Gym,2025-12-04T10:30,2025-12-07T10:30
B-02986,R-002,Gym,2025-12-04T19:30,2025-12-07T19:30
B-02987,R-042,Pool,2025-12-04T20:00,2025-12-06T20:00
B-02988,R-133,Badminton,2025-12-05T08:00,2025-12-07T08:00
B-02989,R-101,Gym,2025-12-05T11:00,2025-12-06T17:00
B-02990,R-092,Clubhouse,2025-12-05T15:45,2025-12-06T21:45
B-02991,R-061,Gym,2025-12-05T16:15,2025-12-05T20:15
B-02992,R-019,Badminton,2025-12-05T19:45,2025-12-07T19:45
B-02993,R-067,Clubhouse,2025-12-06T10:45,2025-12-09T10:45
B-02994,R-037,Clubhouse,2025-12-06T19:00,2025-12-08T19:00
B-02995,R-007,Clubhouse,2025-12-06T20:15,2025-12-09T08:15
B-02996,R-022,Gym,2025-12-06T20:15,2025-12-10T20:15
B-02997,R-021,Gym,2025-12-06T22:00,2025-12-07T06:00
B-02998,R-047,Pool,2025-12-06T22:30,2025-12-07T06:30
B-02999,R-011,Badminton,2025-12-07T03:00,2025-12-07T07:00
B-03000,R-001,Pool,2025-12-07T03:30,2025-12-07T21:30
B-03001,R-018,Gym,2025-12-07T09:00,2025-12-07T17:00
B-03002,R-050,Clubhouse,2025-12-07T16:00,2025-12-07T18:00
B-03003,R-013,Multipurpose Hall,2025-12-07T18:00,2025-12-07T20:00
B-03004,R-069,Gym,2025-12-07T19:00,2025-12-09T19:00
B-03005,R-062,Pool,2025-12-08T01:45,2025-12-08T19:45
B-03006,R-122,Clubhouse,2025-12-08T03:00,2025-12-08T21:00
B-03007,R-010,Gym,2025-12-08T06:15,2025-12-08T10:15
B-03008,R-100,Gym,2025-12-08T11:00,2025-12-09T17:00
B-03009,R-073,Multipurpose Hall,2025-12-08T14:30,2025-12-08T18:30
B-03010,R-046,Pool,2025-12-08T18:00,2025-12-08T20:00
B-03011,R-024,Pool,2025-12-08T18:30,2025-12-11T18:30
B-03012,R-009,Badminton,2025-12-08T19:00,2025-12-08T21:00
B-03013,R-009,Gym,2025-12-08T19:00,2025-12-08T21:00
B-03014,R-099,Multipurpose Hall,2025-12-08T19:00,2025-12-11T19:00
B-03015,R-010,Gym,2025-12-08T19:15,2025-12-09T19:15
B-03016,R-003,Gym,2025-12-09T03:15,2025-12-10T09:15
B-03017,R-007,Clubhouse,2025-12-09T04:00,2025-12-09T08:00
B-03018,R-055,Gym,2025-12-09T09:00,2025-12-10T09:00
B-03019,R-038,Gym,2025-12-09T09:15,2025-12-11T09:15
B-03020,R-004,Clubhouse,2025-12-09T18:00,2025-12-11T18:00
B-03021,R-024,Pool,2025-12-10T06:15,2025-12-10T18:15
B-03022,R-093,Pool,2025-12-10T07:45,2025-12-12T19:45
B-03023,R-021,Gym,2025-12-10T08:15,2025-12-10T16:15
B-03024,R-034,Multipurpose Hall,2025-12-10T10:30,2025-12-11T10:30
B-03025,R-031,Pool,2025-12-10T14:15,2025-12-10T16:15
B-03026,R-013,Gym,2025-12-10T18:45,2025-12-10T20:45
B-03027,R-005,Clubhouse,2025-12-10T21:45,2025-12-13T21:45
B-03028,R-057,Multipurpose Hall,2025-12-11T09:00,2025-12-14T09:00
B-03029,R-049,Pool,2025-12-11T11:00,2025-12-11T19:00
B-03030,R-065,Gym,2025-12-11T11:00,2025-12-11T19:00
B-03031,R-028,Pool,2025-12-11T13:45,2025-12-11T17:45
B-03032,R-061,Gym,2025-12-11T14:15,2025-12-12T20:15
B-03033,R-127,Badminton,2025-12-11T16:00,2025-12-13T16:00
B-03034,R-022,Gym,2025-12-11T19:30,2025-12-11T20:30
B-03035,R-006,Pool,2025-12-11T22:00,2025-12-12T06:00
B-03036,R-022,Gym,2025-12-12T03:00,2025-12-12T21:00
B-03037,R-140,Clubhouse,2025-12-12T10:15,2025-12-13T16:15
B-03038,R-020,Pool,2025-12-12T10:45,2025-12-16T10:45
B-03039,R-027,Badminton,2025-12-12T13:00,2025-12-12T21:00
B-03040,R-027,Badminton,2025-12-12T13:00,2025-12-12T21:00
B-03041,R-081,Pool,2025-12-12T13:15,2025-12-12T21:15
B-03042,R-028,Pool,2025-12-12T14:00,2025-12-13T20:00
B-03043,R-054,Gym,2025-12-12T18:30,2025-12-15T18:30
B-03044,R-019,Badminton,2025-12-12T19:00,2025-12-14T19:00
B-03045,R-066,Multipurpose Hall,2025-12-13T04:15,2025-12-14T10:15
B-03046,R-119,Badminton,2025-12-13T06:30,2025-12-16T06:30
B-03047,R-048,Multipurpose Hall,2025-12-13T07:00,2025-12-13T19:00
B-03048,R-041,Pool,2025-12-13T15:00,2025-12-14T09:00
B-03049,R-026,Gym,2025-12-13T15:45,2025-12-13T17:45
B-03050,R-026,Gym,2025-12-13T16:00,2025-12-13T18:00
B-03051,R-026,Gym,2025-12-13T16:15,2025-12-13T18:15
B-03052,R-026,Gym,2025-12-13T16:45,2025-12-13T18:45
B-03053,R-026,Gym,2025-12-13T16:45,2025-12-13T18:45
B-03054,R-039,Pool,2025-12-13T16:45,2025-12-13T18:45
B-03055,R-095,Gym,2025-12-13T18:30,2025-12-17T18:30
B-03056,R-002,Gym,2025-12-13T20:45,2025-12-16T20:45
B-03057,R-012,Clubhouse,2025-12-14T01:45,2025-12-14T19:45
B-03058,R-003,Gym,2025-12-14T03:00,2025-12-15T09:00
B-03059,R-017,Gym,2025-12-14T05:15,2025-12-16T17:15
B-03060,R-108,Pool,2025-12-14T06:30,2025-12-15T06:30
B-03061,R-030,Gym,2025-12-14T06:30,2025-12-16T06:30
B-03062,R-039,Badminton,2025-12-14T07:30,2025-12-14T09:30
B-03063,R-016,Pool,2025-12-14T07:45,2025-12-16T07:45
B-03064,R-064,Badminton,2025-12-14T09:30,2025-12-14T10:30
B-03065,R-020,Pool,2025-12-14T10:00,2025-12-17T10:00
B-03066,R-087,Badminton,2025-12-14T10:45,2025-12-14T18:45
B-03067,R-024,Gym,2025-12-14T18:45,2025-12-17T18:45
B-03068,R-003,Gym,2025-12-14T20:00,2025-12-15T08:00
B-03069,R-072,Clubhouse,2025-12-14T21:00,2025-12-16T21:00
B-03070,R-018,Gym,2025-12-14T22:15,2025-12-15T10:15
B-03071,R-111,Multipurpose Hall,2025-12-15T01:15,2025-12-15T19:15
B-03072,R-018,Gym,2025-12-15T02:00,2025-12-15T10:00
B-03073,R-122,Badminton,2025-12-15T03:00,2025-12-15T21:00
B-03074,R-032,Gym,2025-12-15T07:00,2025-12-18T07:00
B-03075,R-045,Multipurpose Hall,2025-12-15T15:15,2025-12-16T09:15
B-03076,R-017,Gym,2025-12-16T01:30,2025-12-16T19:30
B-03077,R-022,Gym,2025-12-16T02:00,2025-12-16T20:00
B-03078,R-130,Pool,2025-12-16T07:15,2025-12-19T07:15
B-03079,R-072,Badminton,2025-12-16T09:00,2025-12-16T21:00
B-03080,R-109,Badminton,2025-12-16T10:15,2025-12-19T10:15
B-03081,R-093,Pool,2025-12-16T10:30,2025-12-19T10:30
B-03082,R-036,Pool,2025-12-16T20:00,2025-12-17T20:00
B-03083,R-005,Clubhouse,2025-12-16T21:00,2025-12-20T21:00
B-03084,R-021,Badminton,2025-12-17T08:15,2025-12-17T16:15
B-03085,R-038,Gym,2025-12-17T09:45,2025-12-18T09:45
B-03086,R-080,Badminton,2025-12-17T16:00,2025-12-17T18:00
B-03087,R-005,Clubhouse,2025-12-17T21:00,2025-12-20T21:00
B-03088,R-035,Gym,2025-12-17T21:15,2025-12-20T09:15
B-03089,R-070,Gym,2025-12-18T06:15,2025-12-18T07:15
B-03090,R-066,Gym,2025-12-18T13:15,2025-12-19T19:15
B-03091,R-091,Badminton,2025-12-18T20:00,2025-12-20T20:00
B-03092,R-052,Gym,2025-12-18T21:00,2025-12-21T09:00
B-03093,R-006,Pool,2025-12-18T22:15,2025-12-19T06:15
B-03094,R-109,Pool,2025-12-18T22:45,2025-12-19T10:45
B-03095,R-140,Clubhouse,2025-12-19T00:00,2025-12-20T06:00
B-03096,R-046,Pool,2025-12-19T04:15,2025-12-19T06:15
B-03097,R-055,Multipurpose Hall,2025-12-19T08:00,2025-12-19T10:00
B-03098,R-006,Pool,2025-12-19T09:30,2025-12-19T17:30
B-03099,R-040,Pool,2025-12-19T10:15,2025-12-19T18:15
B-03100,R-009,Clubhouse,2025-12-19T19:00,2025-12-19T21:00
B-03101,R-070,Gym,2025-12-20T01:00,2025-12-21T07:00
B-03102,R-022,Gym,2025-12-20T02:00,2025-12-20T20:00
B-03103,R-059,Multipurpose Hall,2025-12-20T06:00,2025-12-20T08:00
B-03104,R-007,Clubhouse,2025-12-20T08:45,2025-12-20T09:45
B-03105,R-020,Badminton,2025-12-20T10:00,2025-12-23T10:00
B-03106,R-007,Clubhouse,2025-12-20T10:45,2025-12-23T10:45
B-03107,R-027,Badminton,2025-12-20T13:00,2025-12-20T21:00
B-03108,R-008,Pool,2025-12-20T13:30,2025-12-20T21:30
B-03109,R-023,Gym,2025-12-20T14:30,2025-12-20T16:30
B-03110,R-012,Clubhouse,2025-12-20T14:45,2025-12-21T08:45
B-03111,R-102,Gym,2025-12-20T15:00,2025-12-21T09:00
B-03112,R-039,Pool,2025-12-20T16:00,2025-12-20T18:00
B-03113,R-001,Pool,2025-12-20T16:15,2025-12-21T10:15
B-03114,R-127,Badminton,2025-12-20T16:45,2025-12-22T16:45
B-03115,R-005,Clubhouse,2025-12-20T17:00,2025-12-20T21:00
B-03116,R-037,Multipurpose Hall,2025-12-20T18:00,2025-12-22T18:00
B-03117,R-028,Pool,2025-12-20T20:00,2025-12-21T20:00
B-03118,R-019,Badminton,2025-12-21T06:45,2025-12-23T06:45
B-03119,R-030,Gym,2025-12-21T06:45,2025-12-23T06:45
B-03120,R-027,Pool,2025-12-21T10:00,2025-12-21T18:00
B-03121,R-018,Gym,2025-12-21T10:45,2025-12-22T10:45
B-03122,R-066,Pool,2025-12-21T10:45,2025-12-22T16:45
B-03123,R-016,Pool,2025-12-21T16:00,2025-12-23T16:00
B-03124,R-126,Clubhouse,2025-12-21T17:15,2025-12-22T17:15
B-03125,R-034,Pool,2025-12-21T17:30,2025-12-21T18:30
B-03126,R-024,Pool,2025-12-21T18:00,2025-12-24T18:00
B-03127,R-026,Badminton,2025-12-21T18:45,2025-12-21T20:45
B-03128,R-069,Gym,2025-12-21T19:30,2025-12-23T19:30
B-03129,R-072,Badminton,2025-12-21T20:00,2025-12-21T21:00
B-03130,R-112,Pool,2025-12-21T23:45,2025-12-22T17:45
B-03131,R-032,Gym,2025-12-22T07:15,2025-12-25T07:15
B-03132,R-086,Badminton,2025-12-22T07:45,2025-12-25T07:45
B-03133,R-106,Gym,2025-12-22T14:30,2025-12-22T18:30
B-03134,R-045,Gym,2025-12-22T15:00,2025-12-23T09:00
B-03135,R-017,Gym,2025-12-22T15:45,2025-12-23T09:45
B-03136,R-051,Pool,2025-12-22T18:15,2025-12-23T06:15
B-03137,R-085,Gym,2025-12-22T20:15,2025-12-24T20:15
B-03138,R-051,Gym,2025-12-23T00:00,2025-12-24T06:00
B-03139,R-017,Gym,2025-12-23T01:15,2025-12-23T19:15
B-03140,R-105,Pool,2025-12-23T04:30,2025-12-23T06:30
B-03141,R-139,Pool,2025-12-23T04:30,2025-12-23T08:30
B-03142,R-076,Gym,2025-12-23T05:00,2025-12-23T17:00
B-03143,R-088,Gym,2025-12-23T07:00,2025-12-26T07:00
B-03144,R-034,Pool,2025-12-23T07:45,2025-12-25T07:45
B-03145,R-004,Clubhouse,2025-12-23T10:30,2025-12-25T10:30
B-03146,R-042,Pool,2025-12-23T18:15,2025-12-27T18:15
B-03147,R-053,Gym,2025-12-23T21:00,2025-12-26T21:00
B-03148,R-064,Pool,2025-12-23T22:30,2025-12-24T16:30
B-03149,R-024,Gym,2025-12-24T05:15,2025-12-24T09:15
B-03150,R-052,Gym,2025-12-24T07:00,2025-12-24T09:00
B-03151,R-013,Gym,2025-12-24T07:15,2025-12-24T09:15
B-03152,R-063,Gym,2025-12-24T10:00,2025-12-27T10:00
B-03153,R-031,Gym,2025-12-24T14:15,2025-12-24T16:15
B-03154,R-041,Pool,2025-12-24T15:00,2025-12-25T09:00
B-03155,R-052,Gym,2025-12-24T15:15,2025-12-24T17:15
B-03156,R-060,Gym,2025-12-24T16:00,2025-12-25T10:00
B-03157,R-013,Gym,2025-12-24T18:00,2025-12-24T20:00
B-03158,R-015,Multipurpose Hall,2025-12-24T18:45,2025-12-24T20:45
B-03159,R-015,Multipurpose Hall,2025-12-24T19:00,2025-12-24T21:00
B-03160,R-035,Gym,2025-12-24T21:00,2025-12-27T09:00
B-03161,R-004,Pool,2025-12-24T22:45,2025-12-25T10:45
B-03162,R-027,Badminton,2025-12-25T13:30,2025-12-25T21:30
B-03163,R-060,Gym,2025-12-25T16:15,2025-12-26T10:15
B-03164,R-016,Clubhouse,2025-12-25T18:00,2025-12-27T18:00
B-03165,R-042,Gym,2025-12-25T20:45,2025-12-27T20:45
B-03166,R-006,Gym,2025-12-25T22:00,2025-12-26T06:00
B-03167,R-040,Multipurpose Hall,2025-12-26T01:00,2025-12-26T09:00
B-03168,R-054,Gym,2025-12-26T10:00,2025-12-29T10:00
B-03169,R-027,Badminton,2025-12-26T13:15,2025-12-26T21:15
B-03170,R-140,Pool,2025-12-26T14:45,2025-12-27T20:45
B-03171,R-125,Pool,2025-12-26T18:00,2025-12-28T18:00
B-03172,R-054,Gym,2025-12-26T18:00,2025-12-29T18:00
B-03173,R-019,Badminton,2025-12-26T19:00,2025-12-28T19:00
B-03174,R-091,Gym,2025-12-26T20:00,2025-12-28T20:00
B-03175,R-120,Gym,2025-12-26T21:00,2025-12-29T21:00
B-03176,R-048,Multipurpose Hall,2025-12-26T23:00,2025-12-27T07:00
B-03177,R-066,Multipurpose Hall,2025-12-27T04:00,2025-12-28T10:00
B-03178,R-074,Pool,2025-12-27T04:15,2025-12-28T10:15
B-03179,R-028,Multipurpose Hall,2025-12-27T12:45,2025-12-28T18:45
B-03180,R-001,Pool,2025-12-27T16:00,2025-12-28T10:00
B-03181,R-026,Gym,2025-12-27T16:45,2025-12-27T18:45
B-03182,R-095,Gym,2025-12-27T17:30,2025-12-30T17:30
B-03183,R-083,Gym,2025-12-28T00:45,2025-12-28T18:45
B-03184,R-040,Multipurpose Hall,2025-12-28T01:15,2025-12-28T09:15
B-03185,R-003,Gym,2025-12-28T03:30,2025-12-29T09:30
B-03186,R-030,Gym,2025-12-28T06:45,2025-12-30T06:45
B-03187,R-016,Gym,2025-12-28T07:00,2025-12-30T07:00
B-03188,R-008,Pool,2025-12-28T13:45,2025-12-28T21:45
B-03189,R-072,Badminton,2025-12-28T16:15,2025-12-30T16:15
B-03190,R-001,Pool,2025-12-28T16:30,2025-12-29T10:30
B-03191,R-097,Clubhouse,2025-12-29T04:00,2025-12-29T08:00
B-03192,R-048,Pool,2025-12-29T11:45,2025-12-29T19:45
B-03193,R-010,Gym,2025-12-29T13:00,2025-12-30T19:00
B-03194,R-017,Gym,2025-12-29T13:15,2025-12-30T07:15
B-03195,R-126,Gym,2025-12-29T15:45,2025-12-29T17:45
B-03196,R-025,Gym,2025-12-29T16:30,2025-12-30T10:30
B-03197,R-084,Gym,2025-12-29T16:30,2025-12-30T10:30
B-03198,R-006,Pool,2025-12-29T22:30,2025-12-30T06:30
B-03199,R-105,Pool,2025-12-30T06:00,2025-12-30T08:00
B-03200,R-065,Gym,2025-12-30T11:00,2025-12-30T19:00
